"Film","Rank","Title","n_days","ID","Critic Rating","Critic Votes","User Votes","Budget","Star Power","User Rating","Genre","Runtime","Netflix Original(dummy)","Subtitles"
"Films (English)",1,"Luckiest Girl Alive",7,4595186,54,41,"147",NA,22,6.4,"Drama, Mystery, Thriller",113,"yes","Subtitles/subtitles_tt4595186.txt"
"Films (English)",2,"Mr. Harrigan's Phone",7,12908110,55,72,"167",NA,9,6,"Drama, Horror, Mystery",104,"yes","Subtitles/subtitles_tt12908110.txt"
"Films (English)",3,"Last Seen Alive",14,10242388,NA,48,"273",NA,12,5.6,"Action, Drama, Mystery, Thriller",95,"yes","Subtitles/subtitles_tt10242388.txt"
"Films (English)",4,"Blonde",14,1655389,50,438,"877","$22,000,000",31,5.5,"Biography, Drama, Romance",167,"yes","Subtitles/subtitles_tt1655389.txt"
"Films (English)",5,"Lou",21,5315210,51,57,"142",NA,10,6.1,"Action, Crime, Drama, Mystery, Thriller",107,"yes","Subtitles/subtitles_tt5315210.txt"
"Films (English)",6,"The Boss Baby",7,3874544,50,198,"278","$125,000,000",15,6.3,"Animation, Adventure, Comedy, Family, Fantasy",97,"yes","Subtitles/subtitles_tt3874544.txt"
"Films (English)",7,"Sing",7,3470600,59,246,"347","$75,000,000",39,7.1,"Animation, Comedy, Family, Musical",108,"yes","Subtitles/subtitles_tt3470600.txt"
"Films (English)",8,"Marauders",14,3963816,42,44,"162","$15,000,000",24,5.5,"Action, Crime, Thriller",107,"yes","Subtitles/subtitles_tt3963816.txt"
"Films (English)",9,"The Redeem Team",7,21837726,76,12,"11",NA,22,7.5,"Documentary, History, Sport",97,"yes","Subtitles/subtitles_tt21837726.txt"
"Films (Non-English)",2,"Laal Singh Chaddha",7,10028196,46,35,"1.9K","₹1,800,000,000",9,5.3,"Comedy, Drama, Romance",159,"yes","Subtitles/subtitles_tt10028196.txt"
"Films (Non-English)",3,"Old People",7,21933110,NA,24,"43","€5",4,5,"Horror",101,"yes","Subtitles/subtitles_tt21933110.txt"
"Films (Non-English)",4,"Plan A Plan B",14,15238986,NA,9,"27",NA,5,4.7,"Comedy, Romance",105,"yes","Subtitles/subtitles_tt15238986.txt"
"Films (Non-English)",5,"Togo",7,15686024,NA,8,"5",NA,1,5.3,"Crime, Drama, Thriller",92,"yes","Subtitles/subtitles_tt15686024.txt"
"Films (Non-English)",6,"Jumping from High Places",7,22071864,NA,14,NA,NA,4,5.6,"Comedy, Drama, Romance",88,"yes","Subtitles/subtitles_tt22071864.txt"
"Films (English)",3,"Do Revenge",21,13327038,66,87,"167","$25,000,000",13,6.4,"Comedy",118,"yes","Subtitles/subtitles_tt13327038.txt"
"Films (English)",4,"A Jazzman's Blues",14,14307536,63,28,"57",NA,8,6.7,"Drama",127,"yes","Subtitles/subtitles_tt14307536.txt"
"Films (English)",8,"Inheritance",7,7923220,31,69,"315",NA,13,5.5,"Drama, Mystery, Thriller",111,"yes","Subtitles/subtitles_tt7923220.txt"
"Films (English)",9,"Father Stu",14,14439896,40,74,"265","$4,000,000",24,6.5,"Biography, Drama",124,"yes","Subtitles/subtitles_tt14439896.txt"
"Films (English)",10,"Elysium",7,1535108,61,507,"997","$115,000,000",37,6.6,"Action, Drama, Sci-Fi, Thriller",109,"yes","Subtitles/subtitles_tt1535108.txt"
"Films (Non-English)",2,"The Perfumier",14,21916206,NA,16,"8",NA,4,3.6,"Crime, Drama, Mystery, Thriller",96,"yes","Subtitles/subtitles_tt21916206.txt"
"Films (Non-English)",6,"No Limit",28,14995258,NA,17,"10","€7,900,000",3,5.8,"Drama, Romance, Sport, Thriller",118,"yes","Subtitles/subtitles_tt14995258.txt"
"Films (Non-English)",7,"El Jeremías",21,4457020,NA,14,"5",NA,8,7.2,"Comedy, Drama, Family",95,"yes","Subtitles/subtitles_tt4457020.txt"
"Films (Non-English)",8,"Loving Adults",42,14592948,NA,19,"40",NA,9,6.5,"Crime, Drama, Thriller",104,"yes","Subtitles/subtitles_tt14592948.txt"
"Films (Non-English)",9,"Drifting Home",21,15494038,53,27,"18",NA,3,6.2,"Animation, Adventure, Drama, Family, Fantasy",119,"yes","Subtitles/subtitles_tt15494038.txt"
"Films (English)",4,"I Used to Be Famous",7,15807910,NA,21,"52",NA,8,6.6,"Comedy, Drama, Music",104,"yes","Subtitles/subtitles_tt15807910.txt"
"Films (English)",6,"Me Time",35,14309446,25,58,"228","$80,000,000",21,5,"Comedy",101,"yes","Subtitles/subtitles_tt14309446.txt"
"Films (English)",8,"End of the Road",21,13655328,44,34,"116",NA,8,4.7,"Action, Crime, Drama, Mystery, Thriller",89,"yes","Subtitles/subtitles_tt13655328.txt"
"Films (English)",9,"This Is the End",14,1245492,67,407,"840","$32,000,000",36,6.6,"Comedy, Fantasy",107,"yes","Subtitles/subtitles_tt1245492.txt"
"Films (English)",10,"Dolittle",14,6673612,26,194,"846","$175,000,000",34,5.6,"Adventure, Comedy, Family, Fantasy",101,"yes","Subtitles/subtitles_tt6673612.txt"
"Films (Non-English)",4,"The Catholic School",14,10345782,NA,28,"20",NA,10,5.7,"Drama",106,"yes","Subtitles/subtitles_tt10345782.txt"
"Films (Non-English)",6,"Mat Kilau",14,11347146,NA,33,"60","MYR 8,000,000",11,5.7,"Action, Adventure, Drama, History, Thriller",117,"yes","Subtitles/subtitles_tt11347146.txt"
"Films (Non-English)",10,"Broad Peak",14,8983230,NA,19,"8",NA,10,5.9,"Adventure, Biography, Drama, Thriller",101,"yes","Subtitles/subtitles_tt8983230.txt"
"Films (English)",3,"Love in the Villa",21,15463032,50,30,"113",NA,8,5.3,"Comedy, Romance",114,"yes","Subtitles/subtitles_tt15463032.txt"
"Films (English)",5,"Morbius",14,5108870,35,244,"2.1K","$75,000,000",18,5.2,"Action, Adventure, Horror, Sci-Fi, Thriller",104,"yes","Subtitles/subtitles_tt5108870.txt"
"Films (English)",6,"I Came By",21,15083184,57,52,"177",NA,10,6.1,"Thriller",110,"yes","Subtitles/subtitles_tt15083184.txt"
"Films (English)",7,"Despicable Me 2",63,1690953,62,323,"352","$76,000,000",51,7.3,"Animation, Adventure, Comedy, Crime, Family, Sci-Fi",98,"yes","Subtitles/subtitles_tt1690953.txt"
"Films (English)",8,"The Invisible Man",7,1051906,72,475,"2K","$7,000,000",14,7.1,"Drama, Horror, Mystery, Sci-Fi, Thriller",124,"yes","Subtitles/subtitles_tt1051906.txt"
"Films (Non-English)",3,"Ek Villain Returns",14,11947158,NA,11,"751","₹5,000,000,000",11,4.6,"Action, Romance, Thriller",129,"yes","Subtitles/subtitles_tt11947158.txt"
"Films (Non-English)",7,"Jogi",7,21848358,NA,19,"59",NA,6,7.3,"Drama, History, Thriller",116,"yes","Subtitles/subtitles_tt21848358.txt"
"Films (Non-English)",9,"Fenced In",21,21742248,NA,7,NA,NA,4,4.3,"Comedy",110,"yes","Subtitles/subtitles_tt21742248.txt"
"Films (English)",6,"White Chicks",7,381707,41,75,"380","$37,000,000",28,5.7,"Comedy, Crime",109,"yes","Subtitles/subtitles_tt0381707.txt"
"Films (English)",8,"Hanna",7,6932244,NA,49,"730",NA,16,7.6,"Action, Drama",60,"yes","Subtitles/subtitles_tt6932244.txt"
"Films (English)",9,"Triple 9",7,1712261,52,261,"216","$20,000,000",24,6.3,"Action, Crime, Thriller",115,"yes","Subtitles/subtitles_tt1712261.txt"
"Films (English)",10,"Labor Day",7,1967545,52,221,"153","$18,000,000",22,6.9,"Drama, Romance, Thriller",111,"yes","Subtitles/subtitles_tt1967545.txt"
"Films (Non-English)",4,"Under Her Control",14,15006754,NA,13,"13",NA,4,4.7,"Drama",109,"yes","Subtitles/subtitles_tt15006754.txt"
"Films (Non-English)",6,"Seoul Vibe",21,13611770,NA,14,"12",NA,12,5.5,"Action, Comedy, Crime, Drama",138,"yes","Subtitles/subtitles_tt13611770.txt"
"Films (Non-English)",8,"For Better, for Worse",7,8469890,NA,NA,"2",NA,12,4.6,"Comedy, Romance",86,"yes","Subtitles/subtitles_tt8469890.txt"
"Films (Non-English)",9,"HollyBlood",7,14210720,NA,13,"10",NA,7,4.3,"Comedy, Fantasy, Horror, Romance",87,"yes","Subtitles/subtitles_tt14210720.txt"
"Films (English)",4,"That's Amor",14,21388556,NA,15,"34",NA,11,5.2,"Comedy, Romance",96,"yes","Subtitles/subtitles_tt21388556.txt"
"Films (English)",5,"Look Both Ways",21,14298328,49,47,"131",NA,12,6.3,"Comedy, Drama, Romance",110,"yes","Subtitles/subtitles_tt14298328.txt"
"Films (English)",6,"Day Shift",28,13314558,51,127,"595","$100,000,000",13,6.1,"Action, Comedy, Fantasy, Horror, Thriller",113,"yes","Subtitles/subtitles_tt13314558.txt"
"Films (English)",7,"The Next 365 Days",21,21106646,NA,23,"106",NA,8,2.7,"Drama, Romance",112,"yes","Subtitles/subtitles_tt21106646.txt"
"Films (English)",8,"Purple Hearts",42,4614584,30,42,"412",NA,13,6.7,"Drama, Music, Romance",122,"yes","Subtitles/subtitles_tt4614584.txt"
"Films (English)",9,"The Gray Man",42,1649418,49,207,"2.2K","$200,000,000",31,6.5,"Action, Thriller",122,"yes","Subtitles/subtitles_tt1649418.txt"
"Films (English)",10,"Collateral",7,369339,71,232,"1K","$65,000,000",31,7.5,"Action, Crime, Drama, Thriller",120,"yes","Subtitles/subtitles_tt0369339.txt"
"Films (Non-English)",6,"The Figo Affair: The Transfer that Changed Football",14,21836538,NA,3,"20",NA,0,7.1,"Documentary, Sport",105,"yes","Subtitles/subtitles_tt21836538.txt"
"Films (Non-English)",7,"School Life",7,8783532,NA,20,"12",NA,10,6.5,"Comedy, Drama",111,"yes","Subtitles/subtitles_tt8783532.txt"
"Films (Non-English)",8,"Royalteen",21,15022184,NA,22,"19",NA,6,5.2,"Drama, Romance",107,"yes","Subtitles/subtitles_tt15022184.txt"
"Films (Non-English)",9,"Rise of the Legend",7,3469592,62,28,"13",NA,11,6.4,"Action, Biography, Drama",131,"yes","Subtitles/subtitles_tt3469592.txt"
"Films (Non-English)",10,"Watch Out, We're Mad",14,69697,NA,25,"46",NA,6,7.3,"Action, Comedy",102,"yes","Subtitles/subtitles_tt0069697.txt"
"Films (English)",6,"The Mummy",7,120616,48,133,"1.1K","$80,000,000",18,7.1,"Action, Adventure, Fantasy",124,"yes","Subtitles/subtitles_tt0120616.txt"
"Films (English)",7,"Running with the Devil: The Wild World of John McAfee",7,21379574,NA,9,"44",NA,6,5.9,"Documentary, Crime",105,"yes","Subtitles/subtitles_tt21379574.txt"
"Films (English)",8,"Untold: The Girlfriend Who Didn't Exist",14,21340300,NA,7,"88",NA,3,7.2,"Documentary, Biography, Sport",124,"yes","Subtitles/subtitles_tt21340300.txt"
"Films (English)",10,"The Great Wall",7,2034800,42,297,"540","$150,000,000",16,5.9,"Action, Adventure, Fantasy, Thriller",103,"yes","Subtitles/subtitles_tt2034800.txt"
"Films (Non-English)",6,"The Assistant",7,9000224,79,174,"499",NA,14,6.4,"Drama",87,"yes","Subtitles/subtitles_tt9000224.txt"
"Films (Non-English)",7,"Blood Red Sky",105,6402468,43,92,"813","€15,000,000",16,6.1,"Action, Adventure, Drama, Fantasy, Horror, Thriller",121,"yes","Subtitles/subtitles_tt6402468.txt"
"Films (Non-English)",8,"Carter",28,21237030,NA,42,"267",NA,6,5.1,"Action, Thriller",132,"yes","Subtitles/subtitles_tt21237030.txt"
"Films (Non-English)",9,"Darlings",28,14152140,NA,31,"294","₹248,000,000",8,6.6,"Comedy, Drama, Thriller",133,"yes","Subtitles/subtitles_tt14152140.txt"
"Films (English)",7,"The Angry Birds Movie 2",7,6095472,60,110,"188","$65,000,000",47,6.4,"Animation, Action, Adventure, Comedy, Family",97,"yes","Subtitles/subtitles_tt6095472.txt"
"Films (English)",8,"Uncharted",21,1464335,45,264,"1.6K","$120,000,000",18,6.3,"Action, Adventure",116,"yes","Subtitles/subtitles_tt1464335.txt"
"Films (English)",9,"The Sea Beast",49,9288046,74,77,"266",NA,13,7.1,"Animation, Adventure, Comedy, Family, Fantasy",115,"yes","Subtitles/subtitles_tt9288046.txt"
"Films (English)",10,"Inside the Mind of a Cat",7,21340412,NA,7,"27",NA,1,6.9,"Documentary",67,"yes","Subtitles/subtitles_tt21340412.txt"
"Films (Non-English)",7,"Bank Robbers: The Last Great Heist",14,21281774,NA,10,NA,NA,1,7.1,"Documentary, Crime",109,"yes","Subtitles/subtitles_tt21281774.txt"
"Films (Non-English)",9,"Nikamma",7,10687220,NA,6,"33",NA,3,2.6,"Action, Comedy, Drama",152,"yes","Subtitles/subtitles_tt10687220.txt"
"Films (English)",5,"Wedding Season",14,15114768,NA,11,"6",NA,10,6.6,"Action, Adventure, Comedy, Crime, Romance, Thriller",NA,"yes","Subtitles/subtitles_tt15114768.txt"
"Films (English)",7,"1917",7,8579674,78,520,"3.4K","$95,000,000",19,8.2,"Action, Drama, War",119,"yes","Subtitles/subtitles_tt8579674.txt"
"Films (English)",9,"The Informer",7,1833116,61,59,"264","$60,000,000",14,6.6,"Action, Crime, Drama, Thriller",113,"yes","Subtitles/subtitles_tt1833116.txt"
"Films (English)",10,"Sing 2",56,6467266,49,122,"422","$85,000,000",39,7.4,"Animation, Adventure, Comedy, Family, Musical",110,"yes","Subtitles/subtitles_tt6467266.txt"
"Films (Non-English)",9,"Heartsong",7,21339860,NA,13,"12",NA,9,5.8,"Comedy, Drama, Music, Romance",95,"yes","Subtitles/subtitles_tt21339860.txt"
"Films (English)",6,"Spider-Man: Far from Home",14,6320628,69,445,"2.3K","$160,000,000",33,7.4,"Action, Adventure, Sci-Fi",129,"yes","Subtitles/subtitles_tt6320628.txt"
"Films (English)",7,"The Age of Adaline",7,1655441,51,238,"437","$25,000,000",20,7.2,"Drama, Fantasy, Romance",112,"yes","Subtitles/subtitles_tt1655441.txt"
"Films (English)",8,"Tower Heist",7,471042,59,235,"254","$75,000,000",31,6.2,"Action, Comedy, Crime",104,"yes","Subtitles/subtitles_tt0471042.txt"
"Films (English)",9,"Men in Black 3",7,1409024,58,456,"425","$225,000,000",77,6.8,"Action, Adventure, Comedy, Sci-Fi",106,"yes","Subtitles/subtitles_tt1409024.txt"
"Films (Non-English)",5,"The Entitled",14,1650535,NA,16,"38","$4,500,000",10,6.1,"Crime, Thriller",91,"yes","Subtitles/subtitles_tt1650535.txt"
"Films (Non-English)",6,"Too Old for Fairy Tales",21,15575356,NA,11,"7",NA,5,6.2,"Comedy, Family",106,"yes","Subtitles/subtitles_tt15575356.txt"
"Films (Non-English)",7,"Buba",7,21195548,NA,18,"19",NA,10,5.8,"Comedy, Drama",94,"yes","Subtitles/subtitles_tt21195548.txt"
"Films (Non-English)",10,"Incantation",35,18968540,NA,46,"170","NT$45,000,000",5,6.2,"Horror, Mystery",110,"yes","Subtitles/subtitles_tt18968540.txt"
"Films (English)",4,"Persuasion",21,13456318,42,92,"680",NA,9,5.7,"Drama, Romance",108,"yes","Subtitles/subtitles_tt13456318.txt"
"Films (English)",7,"The Man from Toronto",42,11671006,34,73,"391","$75,000,000",21,5.8,"Action, Adventure, Comedy, Thriller",110,"yes","Subtitles/subtitles_tt11671006.txt"
"Films (English)",9,"Line of Duty",7,2303687,NA,37,"462",NA,20,8.7,"Crime, Drama, Mystery, Thriller",60,"yes","Subtitles/subtitles_tt2303687.txt"
"Films (English)",10,"Red Notice",98,7991608,37,200,"1.8K","$160,000,000",23,6.3,"Action, Comedy, Thriller",118,"yes","Subtitles/subtitles_tt7991608.txt"
"Films (Non-English)",4,"Major Grom: Plague Doctor",49,7601480,NA,20,"132","RUR 640,000,000",9,6.3,"Action, Crime",136,"yes","Subtitles/subtitles_tt7601480.txt"
"Films (Non-English)",6,"A Cut Above",7,21265550,NA,8,NA,NA,5,4.8,"Comedy",90,"yes","Subtitles/subtitles_tt21265550.txt"
"Films (English)",4,"Clean",7,10023022,44,28,"144",NA,14,5.6,"Action, Crime, Drama, Thriller",94,"yes","Subtitles/subtitles_tt10023022.txt"
"Films (English)",5,"Daughter of the Wolf",7,7615052,36,20,"123",NA,8,4.6,"Action, Thriller",88,"yes","Subtitles/subtitles_tt7615052.txt"
"Films (English)",8,"Girl in the Picture",21,21059520,NA,27,"107",NA,2,7.2,"Documentary, Crime, Mystery",101,"yes","Subtitles/subtitles_tt21059520.txt"
"Films (English)",9,"CHIPS",14,493405,28,126,"231","$25,000,000",40,6,"Action, Comedy, Crime",100,"yes","Subtitles/subtitles_tt0493405.txt"
"Films (English)",10,"12 Strong",14,1413492,54,170,"436","$35,000,000",27,6.5,"Action, Drama, History, War",130,"yes","Subtitles/subtitles_tt1413492.txt"
"Films (Non-English)",4,"Valley of the Dead",14,10127708,NA,35,"48",NA,14,5.8,"Action, Adventure, Fantasy, Horror, Thriller, War",101,"yes","Subtitles/subtitles_tt10127708.txt"
"Films (Non-English)",6,"Jaadugar",14,13793230,NA,15,"208",NA,7,6.9,"Comedy, Drama, Fantasy, Romance, Sport",167,"yes","Subtitles/subtitles_tt13793230.txt"
"Films (Non-English)",7,"Under the Amalfi Sun",14,15311262,NA,14,"4",NA,7,5.3,"Comedy, Drama, Romance",95,"yes","Subtitles/subtitles_tt15311262.txt"
"Films (English)",7,"Spider-Man: No Way Home",7,10872600,71,412,"6.1K","$200,000,000",31,8.3,"Action, Adventure, Fantasy, Sci-Fi",148,"yes","Subtitles/subtitles_tt10872600.txt"
"Films (English)",9,"Hustle",42,8009428,68,120,"444",NA,36,7.3,"Comedy, Drama, Sport",117,"yes","Subtitles/subtitles_tt8009428.txt"
"Films (English)",5,"American Assassin",7,1961175,45,226,"509","$33,000,000",27,6.2,"Action, Thriller",111,"yes","Subtitles/subtitles_tt1961175.txt"
"Films (English)",6,"Grand Isle",7,8380776,29,29,"93",NA,8,4.7,"Thriller",97,"yes","Subtitles/subtitles_tt8380776.txt"
"Films (English)",9,"Mean Girls",7,377092,66,124,"744","$17,000,000",29,7.1,"Comedy",97,"yes","Subtitles/subtitles_tt0377092.txt"
"Films (English)",10,"The Dark Knight Rises",7,1345836,78,567,"3.7K","$250,000,000",103,8.4,"Action, Drama",164,"yes","Subtitles/subtitles_tt1345836.txt"
"Films (Non-English)",7,"Blasted",14,14866710,NA,26,"41",NA,5,4.8,"Action, Comedy, Sci-Fi",114,"yes","Subtitles/subtitles_tt14866710.txt"
"Films (Non-English)",9,"Operation Romeo",7,18923048,NA,4,"35",NA,3,6.3,"Drama, Mystery",132,"yes","Subtitles/subtitles_tt18923048.txt"
"Films (Non-English)",10,"Bhool Bhulaiyaa 2",28,6455162,NA,10,"1K",NA,12,5.7,"Comedy, Horror",143,"yes","Subtitles/subtitles_tt6455162.txt"
"Films (English)",3,"Love & Gelato",14,15521050,NA,18,"90",NA,5,5.1,"Comedy, Drama, Romance",110,"yes","Subtitles/subtitles_tt15521050.txt"
"Films (English)",5,"Glamour Girls",7,20604466,NA,9,"11",NA,7,3.7,"Drama",125,"yes","Subtitles/subtitles_tt20604466.txt"
"Films (English)",6,"Homefront",7,2312718,40,216,"266","$22,000,000",22,6.5,"Action, Crime, Thriller",100,"yes","Subtitles/subtitles_tt2312718.txt"
"Films (English)",7,"Spiderhead",21,9783600,54,125,"509",NA,8,5.4,"Action, Crime, Drama, Sci-Fi, Thriller",106,"yes","Subtitles/subtitles_tt9783600.txt"
"Films (English)",8,"The Mist",14,884328,58,355,"1.3K","$18,000,000",22,7.1,"Horror, Sci-Fi, Thriller",126,"yes","Subtitles/subtitles_tt0884328.txt"
"Films (English)",9,"Chickenhare and the Hamster of Darkness",28,12532368,NA,13,"20","€20,000,000",4,6.3,"Animation, Adventure, Comedy, Family",91,"yes","Subtitles/subtitles_tt12532368.txt"
"Films (English)",10,"Backtrace",7,3588588,34,47,"102",NA,10,3.8,"Action, Crime, Drama, Sci-Fi, Thriller",92,"yes","Subtitles/subtitles_tt3588588.txt"
"Films (Non-English)",2,"Anek",7,13919802,NA,12,"177",NA,7,6.7,"Action, Drama, Thriller",147,"yes","Subtitles/subtitles_tt13919802.txt"
"Films (Non-English)",4,"Doom of Love",14,14369296,NA,16,"19",NA,8,4.9,"Drama, Romance",100,"yes","Subtitles/subtitles_tt14369296.txt"
"Films (Non-English)",5,"Heart Parade",21,20597408,NA,11,"7",NA,6,5,"Comedy, Romance",108,"yes","Subtitles/subtitles_tt20597408.txt"
"Films (Non-English)",7,"The Wrath of God",21,15189534,NA,22,"46",NA,7,5.7,"Drama, Thriller",97,"yes","Subtitles/subtitles_tt15189534.txt"
"Films (English)",7,"Collision",14,10809742,NA,13,"32",NA,5,4.1,"Crime, Drama, Thriller",99,"yes","Subtitles/subtitles_tt10809742.txt"
"Films (English)",9,"Halftime",14,19637852,63,20,"100",NA,24,6.6,"Documentary, Biography, Music",95,"yes","Subtitles/subtitles_tt19637852.txt"
"Films (English)",10,"It",7,1396484,69,634,"2.1K","$35,000,000",30,7.3,"Horror",135,"yes","Subtitles/subtitles_tt1396484.txt"
"Films (Non-English)",8,"CBI 5: The Brain",21,7311164,NA,3,"61",NA,12,5.6,"Crime, Mystery, Thriller",162,"yes","Subtitles/subtitles_tt7311164.txt"
"Films (Non-English)",9,"In Our Prime",7,12663772,NA,5,"4",NA,3,6.6,"Drama",117,"yes","Subtitles/subtitles_tt12663772.txt"
"Films (Non-English)",10,"Through My Window",91,14463484,NA,20,"96",NA,4,5.4,"Comedy, Drama, Romance",116,"yes","Subtitles/subtitles_tt14463484.txt"
"Films (English)",5,"Interceptor",21,14174940,51,70,"902","$15,000,000",15,4.6,"Action, Adventure, Drama, Thriller",99,"yes","Subtitles/subtitles_tt14174940.txt"
"Films (English)",7,"Trees of Peace",7,11316680,NA,17,"49",NA,7,6.4,"Drama",97,"yes","Subtitles/subtitles_tt11316680.txt"
"Films (English)",8,"Sonic the Hedgehog",56,3794354,47,284,"1.4K","$85,000,000",29,6.5,"Action, Adventure, Comedy, Family, Fantasy, Sci-Fi",99,"yes","Subtitles/subtitles_tt3794354.txt"
"Films (English)",9,"A Perfect Pairing",35,15215512,55,28,"77",NA,7,6.1,"Comedy, Romance",101,"yes","Subtitles/subtitles_tt15215512.txt"
"Films (English)",10,"Senior Year",42,5315212,47,74,"463",NA,15,5.5,"Comedy",111,"yes","Subtitles/subtitles_tt5315212.txt"
"Films (Non-English)",8,"Don",14,10709484,NA,5,"123",NA,8,6.9,"Comedy, Drama, Romance",165,"yes","Subtitles/subtitles_tt10709484.txt"
"Films (Non-English)",9,"Ben & Jody",7,13393058,NA,7,"6",NA,11,5.4,"Action, Adventure, Drama, Fantasy, Thriller",114,"yes","Subtitles/subtitles_tt13393058.txt"
"Films (Non-English)",10,"Belzebuth",14,3662308,NA,41,"52","$3,600,000",12,6,"Horror",114,"yes","Subtitles/subtitles_tt3662308.txt"
"Films (English)",4,"The Amazing Spider-Man",14,948470,66,629,"1.5K","$230,000,000",51,6.9,"Action, Adventure, Sci-Fi",136,"yes","Subtitles/subtitles_tt0948470.txt"
"Films (English)",7,"Mission: Impossible - Ghost Protocol",7,1229238,73,290,"638","$145,000,000",30,7.4,"Action, Thriller",132,"yes","Subtitles/subtitles_tt1229238.txt"
"Films (English)",8,"Rambo: Last Blood",7,1206885,26,264,"1.7K","$50,000,000",14,6.1,"Action, Crime, Thriller",89,"yes","Subtitles/subtitles_tt1206885.txt"
"Films (English)",9,"Deep Impact",7,120647,40,91,"622","$75,000,000",41,6.2,"Action, Drama, Sci-Fi, Thriller",120,"yes","Subtitles/subtitles_tt0120647.txt"
"Films (Non-English)",2,"El paseo 6",7,16636178,NA,NA,NA,NA,3,3.2,"Comedy",97,"yes","Subtitles/subtitles_tt16636178.txt"
"Films (Non-English)",4,"Toscana",28,13276352,NA,15,"79",NA,12,5.7,"Drama, Romance",90,"yes","Subtitles/subtitles_tt13276352.txt"
"Films (Non-English)",5,"The Takedown",42,13822738,43,30,"43","€17,000,000",8,5.7,"Action, Comedy, Crime, Drama",119,"yes","Subtitles/subtitles_tt13822738.txt"
"Films (Non-English)",7,"F*ck Love Too",28,15432804,NA,10,"13",NA,10,3.9,"Comedy, Romance",92,"yes","Subtitles/subtitles_tt15432804.txt"
"Films (Non-English)",8,"The Perfect Family",35,11924738,NA,10,"17",NA,14,5.3,"Comedy",110,"yes","Subtitles/subtitles_tt11924738.txt"
"Films (Non-English)",9,"Gladbeck: The Hostage Crisis",7,20420316,NA,10,"25",NA,1,7.5,"Documentary, Crime",91,"yes","Subtitles/subtitles_tt20420316.txt"
"Films (English)",5,"Memoirs of a Geisha",7,397535,54,214,"642","$85,000,000",37,7.3,"Drama, Romance",145,"yes","Subtitles/subtitles_tt0397535.txt"
"Films (English)",6,"The Outpost",7,3833480,71,90,"345","$18,000,000",10,6.8,"Action, Drama, History, War",123,"yes","Subtitles/subtitles_tt3833480.txt"
"Films (English)",7,"Disappearance at Clifton Hill",7,5919756,61,63,"92",NA,15,5.4,"Drama, Mystery, Thriller",100,"yes","Subtitles/subtitles_tt5919756.txt"
"Films (English)",9,"Jack Reacher",7,790724,50,415,"636","$60,000,000",31,7,"Action, Mystery, Thriller",130,"yes","Subtitles/subtitles_tt0790724.txt"
"Films (English)",10,"Jackass 4.5",21,18258584,NA,6,"65",NA,17,6.5,"Action, Comedy, Reality-TV",90,"yes","Subtitles/subtitles_tt18258584.txt"
"Films (Non-English)",6,"Gangubai Kathiawadi",42,10083340,NA,41,"876",NA,13,7,"Biography, Crime, Drama",152,"yes","Subtitles/subtitles_tt10083340.txt"
"Films (Non-English)",8,"Jana Gana Mana",7,13391710,NA,7,"199","₹100,000,000",8,8.3,"Crime, Drama",162,"yes","Subtitles/subtitles_tt13391710.txt"
"Films (Non-English)",9,"Jersey",21,5301942,NA,14,"215","₹310,000,000",7,7.3,"Drama, Sport",170,"yes","Subtitles/subtitles_tt5301942.txt"
"Films (Non-English)",10,"4 Kings",7,16578440,NA,NA,"4",NA,1,6.3,"Action, Crime, Drama, Thriller",139,"yes","Subtitles/subtitles_tt16578440.txt"
"Films (English)",4,"Dangerous",14,3876910,27,35,"118","$8,000,000",14,5.1,"Action, Thriller",99,"yes","Subtitles/subtitles_tt3876910.txt"
"Films (English)",7,"Cleveland Abduction",7,4262142,NA,8,"38",NA,16,6.6,"Biography, Crime, Drama",88,"yes","Subtitles/subtitles_tt4262142.txt"
"Films (English)",8,"Turbo",7,1860353,58,164,"138","$135,000,000",26,6.4,"Animation, Adventure, Comedy, Family, Sport",96,"yes","Subtitles/subtitles_tt1860353.txt"
"Films (English)",9,"Our Father",21,19704638,45,24,"90",NA,5,6.6,"Documentary, Crime",97,"yes","Subtitles/subtitles_tt19704638.txt"
"Films (English)",10,"Ben Is Back",7,7545524,66,162,"144","$13,000,000",18,6.7,"Drama",103,"yes","Subtitles/subtitles_tt7545524.txt"
"Films (Non-English)",8,"Godspeed",7,14766956,NA,9,"45",NA,6,6.5,"Drama",119,"yes","Subtitles/subtitles_tt14766956.txt"
"Films (Non-English)",10,"Toolsidas Junior",7,13623916,NA,2,"44",NA,6,7.4,"Drama, Family, Sport",132,"yes","Subtitles/subtitles_tt13623916.txt"
"Films (English)",7,"Marmaduke",21,8746404,NA,17,"52",NA,22,3.4,"Animation, Adventure, Comedy",88,"yes","Subtitles/subtitles_tt8746404.txt"
"Films (English)",8,"Operation Mincemeat",14,1879016,65,115,"264",NA,20,6.6,"Drama, War",128,"yes","Subtitles/subtitles_tt1879016.txt"
"Films (English)",9,"365 Days: This Day",28,12996154,NA,27,"325",NA,8,2.6,"Drama, Romance",111,"yes","Subtitles/subtitles_tt12996154.txt"
"Films (English)",10,"Borrego",7,12676006,NA,18,"43",NA,4,5.4,"Thriller",102,"yes","Subtitles/subtitles_tt12676006.txt"
"Films (Non-English)",8,"Cyber Hell: Exposing an Internet Horror",7,19768508,NA,12,"18",NA,2,6.5,"Documentary, Crime",105,"yes","Subtitles/subtitles_tt19768508.txt"
"Films (English)",4,"Along for the Ride",14,14506528,55,31,"62",NA,7,6.1,"Drama, Romance",106,"yes","Subtitles/subtitles_tt14506528.txt"
"Films (English)",8,"U.S. Marshals",14,120873,47,67,"175","$60,000,000",25,6.5,"Action, Crime, Thriller",131,"yes","Subtitles/subtitles_tt0120873.txt"
"Films (English)",9,"Den of Thieves",7,1259528,49,189,"630","$30,000,000",21,7,"Action, Crime, Drama, Thriller",140,"yes","Subtitles/subtitles_tt1259528.txt"
"Films (English)",10,"Men in Black: International",14,2283336,38,279,"1.2K","$110,000,000",27,5.6,"Action, Adventure, Comedy, Sci-Fi",114,"yes","Subtitles/subtitles_tt2283336.txt"
"Films (Non-English)",6,"Thar",14,14479746,NA,16,"148",NA,7,6.1,"Action, Crime, Drama, Thriller, Western",108,"yes","Subtitles/subtitles_tt14479746.txt"
"Films (Non-English)",8,"The Getaway King",7,10516196,NA,9,"17","€2,000,000",13,6.5,"Action, Comedy, Crime",100,"yes","Subtitles/subtitles_tt10516196.txt"
"Films (Non-English)",9,"40 Years Young",14,16969906,NA,6,"7",NA,10,4.4,"Comedy",81,"yes","Subtitles/subtitles_tt16969906.txt"
"Films (English)",3,"Silverton Siege",14,18563148,NA,29,"47",NA,7,6.3,"Action, Crime, Drama, Thriller",100,"yes","Subtitles/subtitles_tt18563148.txt"
"Films (English)",5,"The Gentlemen",7,8367814,51,300,"1.7K","$22,000,000",25,7.8,"Action, Comedy, Crime",113,"yes","Subtitles/subtitles_tt8367814.txt"
"Films (English)",7,"The Mystery of Marilyn Monroe: The Unheard Tapes",14,19034332,38,23,"54",NA,13,6.2,"Documentary",101,"yes","Subtitles/subtitles_tt19034332.txt"
"Films (English)",10,"365 Days",14,10886166,NA,55,"1.4K",NA,11,3.3,"Drama, Romance",114,"yes","Subtitles/subtitles_tt10886166.txt"
"Films (Non-English)",6,"Bubble",14,16360006,56,39,"82",NA,19,6.3,"Animation, Action, Adventure, Drama, Fantasy, Romance, Sport, Thriller",100,"yes","Subtitles/subtitles_tt16360006.txt"
"Films (Non-English)",10,"Brother in Love 2",7,12738164,NA,NA,"4",NA,10,6.5,"Comedy",115,"yes","Subtitles/subtitles_tt12738164.txt"
"Films (English)",5,"The Vault",21,9742794,50,74,"279",NA,14,6.4,"Action, Adventure, Thriller",118,"yes","Subtitles/subtitles_tt9742794.txt"
"Films (English)",6,"How It Ends",28,5246700,36,60,"1.8K","$20,000,000",19,5,"Action, Drama, Horror, Mystery, Sci-Fi, Thriller",113,"yes","Subtitles/subtitles_tt5246700.txt"
"Films (English)",7,"The In Between",28,8851148,NA,20,"97",NA,9,5.9,"Drama, Romance, Sci-Fi",115,"yes","Subtitles/subtitles_tt8851148.txt"
"Films (English)",8,"The Adam Project",56,2463208,55,212,"1.2K","$116,000,000",11,6.7,"Action, Adventure, Comedy, Sci-Fi",106,"yes","Subtitles/subtitles_tt2463208.txt"
"Films (English)",10,"Shrek",49,126029,84,178,"1.2K","$60,000,000",20,7.9,"Animation, Adventure, Comedy, Family, Fantasy, Romance",90,"yes","Subtitles/subtitles_tt0126029.txt"
"Films (Non-English)",4,"The Turning Point",14,76843,68,17,"36",NA,14,6.8,"Drama, Romance",119,"yes","Subtitles/subtitles_tt0076843.txt"
"Films (Non-English)",5,"Furioza",28,10515864,NA,16,"25",NA,10,6.2,"Action, Crime, Drama",139,"yes","Subtitles/subtitles_tt10515864.txt"
"Films (Non-English)",6,"Yaksha: Ruthless Operations",28,12663250,NA,19,"39",NA,9,6.2,"Action, Crime, Thriller",125,"yes","Subtitles/subtitles_tt12663250.txt"
"Films (Non-English)",7,"The Taming of the Shrewd",21,18970380,NA,5,"7",NA,4,4.5,"Comedy, Romance",112,"yes","Subtitles/subtitles_tt18970380.txt"
"Films (Non-English)",10,"A Hard Day",7,3697626,76,96,"63",NA,7,7.2,"Action, Crime, Thriller",111,"yes","Subtitles/subtitles_tt3697626.txt"
"Films (English)",1,"Choose or Die",14,11514780,43,108,"284",NA,7,4.8,"Drama, Horror, Thriller",84,"yes","Subtitles/subtitles_tt11514780.txt"
"Films (English)",3,"White Hot: The Rise & Fall of Abercrombie & Fitch",7,19034522,48,25,"100",NA,22,5.7,"Documentary",88,"yes","Subtitles/subtitles_tt19034522.txt"
"Films (English)",5,"Yakuza Princess",7,10715446,34,53,"49",NA,9,4.7,"Thriller",111,"yes","Subtitles/subtitles_tt10715446.txt"
"Films (English)",7,"Playing with Fire",7,9134216,24,68,"284","$29,900,000",16,5.1,"Comedy, Family",96,"yes","Subtitles/subtitles_tt9134216.txt"
"Films (English)",10,"Cleaner",14,896798,49,45,"100","$25,000,000",14,6.1,"Thriller",88,"yes","Subtitles/subtitles_tt0896798.txt"
"Films (Non-English)",5,"One Piece Film Z",7,2375379,NA,7,"27",NA,35,7.8,"Animation, Action, Adventure, Fantasy",108,"yes","Subtitles/subtitles_tt2375379.txt"
"Films (Non-English)",7,"All Hail",28,16427718,NA,21,"24",NA,12,5.6,"Comedy, Drama",118,"yes","Subtitles/subtitles_tt16427718.txt"
"Films (Non-English)",9,"In Good Hands",35,14898794,NA,11,"20",NA,4,5.7,"Comedy, Drama, Romance",104,"yes","Subtitles/subtitles_tt14898794.txt"
"Films (Non-English)",10,"Dasvi",21,14107554,NA,26,"443","₹280,000,000",6,7.3,"Comedy, Drama",125,"yes","Subtitles/subtitles_tt14107554.txt"
"Films (English)",3,"A Score to Settle",7,3758162,37,32,"126",NA,9,4.7,"Action, Crime, Drama, Thriller",103,"yes","Subtitles/subtitles_tt3758162.txt"
"Films (English)",7,"The Call",7,10530176,NA,55,"351",NA,10,7.1,"Crime, Horror, Mystery, Sci-Fi, Thriller",112,"yes","Subtitles/subtitles_tt10530176.txt"
"Films (English)",8,"Return to Space",14,18555320,56,26,"35",NA,2,7.3,"Documentary",128,"yes","Subtitles/subtitles_tt18555320.txt"
"Films (English)",10,"A Dog's Way Home",7,7616798,50,64,"203","$18,000,000",25,6.7,"Adventure, Drama, Family",96,"yes","Subtitles/subtitles_tt7616798.txt"
"Films (Non-English)",4,"Dancing on Glass",7,14118046,NA,16,"7",NA,9,5.6,"Drama, Thriller",137,"yes","Subtitles/subtitles_tt14118046.txt"
"Films (English)",3,"The Bubble",14,13610562,34,92,"531",NA,26,4.7,"Comedy",126,"yes","Subtitles/subtitles_tt13610562.txt"
"Films (English)",4,"Shrek Forever After",14,892791,58,216,"265","$165,000,000",28,6.3,"Animation, Adventure, Comedy, Family, Fantasy, Romance",93,"yes","Subtitles/subtitles_tt0892791.txt"
"Films (English)",5,"The Blind Side",14,878804,53,270,"586","$29,000,000",26,7.6,"Biography, Drama, Sport",129,"yes","Subtitles/subtitles_tt0878804.txt"
"Films (English)",6,"Four Brothers",7,430105,49,109,"395","$45,000,000",26,6.8,"Action, Crime, Drama, Mystery, Thriller",109,"yes","Subtitles/subtitles_tt0430105.txt"
"Films (English)",7,"Enough",7,278435,25,86,"274","$38,000,000",17,5.7,"Crime, Drama, Thriller",115,"yes","Subtitles/subtitles_tt0278435.txt"
"Films (Non-English)",6,"Captain Nova",14,14915608,NA,12,"41",NA,11,5.5,"Adventure, Family, Sci-Fi",86,"yes","Subtitles/subtitles_tt14915608.txt"
"Films (Non-English)",7,"Enforcement",7,11081050,64,66,"53",NA,9,6.5,"Action, Crime, Drama, Thriller",108,"yes","Subtitles/subtitles_tt11081050.txt"
"Films (English)",5,"6 Underground",21,8106534,41,125,"2.5K","$150,000,000",25,6.1,"Action, Thriller",128,"yes","Subtitles/subtitles_tt8106534.txt"
"Films (English)",6,"Blade Runner 2049",7,1856101,81,561,"2.4K","$150,000,000",22,8,"Action, Drama, Mystery, Sci-Fi, Thriller",164,"yes","Subtitles/subtitles_tt1856101.txt"
"Films (English)",8,"Gemini Man",21,1025100,38,294,"1.2K","$138,000,000",16,5.7,"Action, Adventure, Sci-Fi, Thriller",117,"yes","Subtitles/subtitles_tt1025100.txt"
"Films (English)",9,"Rescued by Ruby",21,11278476,NA,28,"119",NA,8,7.2,"Biography, Drama, Family",90,"yes","Subtitles/subtitles_tt11278476.txt"
"Films (English)",10,"Escape Room",7,5886046,48,243,"858","$9,000,000",15,6.4,"Action, Adventure, Horror, Mystery, Sci-Fi, Thriller",99,"yes","Subtitles/subtitles_tt5886046.txt"
"Films (Non-English)",6,"Battle: Freestyle",7,13350858,NA,10,NA,NA,3,4.5,"Drama, Music, Romance",88,"yes","Subtitles/subtitles_tt13350858.txt"
"Films (Non-English)",8,"'83",14,7518786,NA,17,"737",NA,28,7.5,"Biography, Drama, History, Sport",162,"yes","Subtitles/subtitles_tt7518786.txt"
"Films (Non-English)",9,"Forever Out of My League",7,14362698,NA,11,"2",NA,3,5.4,"Comedy, Drama, Romance",105,"yes","Subtitles/subtitles_tt14362698.txt"
"Films (English)",4,"Windfall",14,15033192,52,97,"332",NA,5,5.7,"Crime, Drama, Thriller",92,"yes","Subtitles/subtitles_tt15033192.txt"
"Films (English)",5,"John Wick: Chapter 2",7,4425200,75,486,"987","$40,000,000",35,7.4,"Action, Crime, Thriller",122,"yes","Subtitles/subtitles_tt4425200.txt"
"Films (English)",6,"The Dead Don't Die",7,8695030,53,350,"1.5K",NA,27,5.4,"Comedy, Fantasy, Horror, Sci-Fi",104,"yes","Subtitles/subtitles_tt8695030.txt"
"Films (English)",8,"A Walk Among the Tombstones",14,365907,57,276,"267","$28,000,000",25,6.5,"Action, Crime, Drama, Mystery, Thriller",114,"yes","Subtitles/subtitles_tt0365907.txt"
"Films (Non-English)",5,"The Bombardment",21,9170516,NA,28,"109",NA,19,7.3,"Drama, History, War",107,"yes","Subtitles/subtitles_tt9170516.txt"
"Films (Non-English)",6,"Restless",35,14465894,NA,20,"46",NA,7,5.8,"Action, Crime, Thriller",95,"yes","Subtitles/subtitles_tt14465894.txt"
"Films (Non-English)",9,"The Pirates: The Last Royal Treasure",28,17491040,NA,18,"45","₩23,500,000,000",9,6.1,"Action, Adventure, Comedy",126,"yes","Subtitles/subtitles_tt17491040.txt"
"Films (Non-English)",10,"Love Like the Falling Petals",7,14227972,NA,18,"8",NA,1,6.4,"Drama, Romance",128,"yes","Subtitles/subtitles_tt14227972.txt"
"Films (English)",4,"The Ice Road",14,3758814,42,119,"979",NA,15,5.6,"Action, Adventure, Thriller",109,"yes","Subtitles/subtitles_tt3758814.txt"
"Films (English)",5,"The Weekend Away",21,14817272,51,59,"293",NA,5,5.6,"Crime, Drama, Mystery, Thriller",89,"yes","Subtitles/subtitles_tt14817272.txt"
"Films (English)",9,"Shrek 2",21,298148,75,192,"626","$150,000,000",33,7.3,"Animation, Adventure, Comedy, Family, Fantasy, Romance",93,"yes","Subtitles/subtitles_tt0298148.txt"
"Films (Non-English)",4,"Badhaai Do",14,11934846,NA,13,"491",NA,10,7,"Comedy, Crime, Drama, Romance",147,"yes","Subtitles/subtitles_tt11934846.txt"
"Films (English)",7,"Shooter",7,4181172,NA,12,"254",NA,35,7.5,"Action, Drama",60,"yes","Subtitles/subtitles_tt4181172.txt"
"Films (English)",8,"Spider-Man: Into the Spider-Verse",14,4633694,87,425,"2.1K","$90,000,000",43,8.4,"Animation, Action, Adventure, Comedy, Family, Fantasy, Sci-Fi",117,"yes","Subtitles/subtitles_tt4633694.txt"
"Films (English)",10,"Coach Carter",7,393162,57,65,"274","$30,000,000",27,7.3,"Biography, Drama, Sport",136,"yes","Subtitles/subtitles_tt0393162.txt"
"Films (Non-English)",6,"Meskina",14,13691036,NA,14,"9",NA,9,5.6,"Comedy",98,"yes","Subtitles/subtitles_tt13691036.txt"
"Films (Non-English)",8,"The Invisible Thread",7,14540892,NA,92,"22",NA,6,6.7,"Comedy, Drama, Family",109,"yes","Subtitles/subtitles_tt14540892.txt"
"Films (Non-English)",9,"Love Tactics",35,14486678,NA,12,"80",NA,4,5.2,"Comedy, Romance",97,"yes","Subtitles/subtitles_tt14486678.txt"
"Films (Non-English)",10,"Black Beach",7,9660688,NA,15,"35",NA,10,5.6,"Drama",110,"yes","Subtitles/subtitles_tt9660688.txt"
"Films (English)",6,"The Tinder Swindler",35,14992922,NA,49,"351",NA,2,7.1,"Documentary, Crime",114,"yes","Subtitles/subtitles_tt14992922.txt"
"Films (English)",8,"Just Like Heaven",7,425123,47,120,"337","$58,000,000",20,6.7,"Comedy, Drama, Fantasy, Romance",95,"yes","Subtitles/subtitles_tt0425123.txt"
"Films (English)",10,"Battleship",7,1440129,41,388,"1K","$209,000,000",36,5.8,"Action, Adventure, Sci-Fi, Thriller",131,"yes","Subtitles/subtitles_tt1440129.txt"
"Films (Non-English)",8,"My Wonderful Life",7,13164942,NA,7,"6",NA,8,5.9,"Comedy, Drama, Romance",99,"yes","Subtitles/subtitles_tt13164942.txt"
"Films (Non-English)",9,"UFO",14,63962,NA,16,"81",NA,6,7.9,"Action, Sci-Fi",45,"yes","Subtitles/subtitles_tt0063962.txt"
"Films (English)",3,"Texas Chainsaw Massacre",14,11755740,34,230,"1.5K","$20,000,000",9,4.8,"Crime, Horror, Thriller",83,"yes","Subtitles/subtitles_tt11755740.txt"
"Films (English)",4,"Downfall: The Case Against Boeing",14,11893274,68,30,"90",NA,7,7.4,"Documentary",89,"yes","Subtitles/subtitles_tt11893274.txt"
"Films (English)",6,"Fistful of Vengeance",14,14158554,44,39,"134",NA,10,4.4,"Action, Crime, Drama, Fantasy",96,"yes","Subtitles/subtitles_tt14158554.txt"
"Films (English)",7,"Tall Girl 2",21,16085592,35,18,"66","$24,400,000",9,4.7,"Comedy, Drama, Family, Romance",97,"yes","Subtitles/subtitles_tt16085592.txt"
"Films (English)",8,"Abominable",14,6324278,61,143,"293","$75,000,000",15,7,"Animation, Adventure, Comedy, Family, Fantasy",97,"yes","Subtitles/subtitles_tt6324278.txt"
"Films (English)",9,"Despicable Me",28,1323594,72,193,"423","$69,000,000",43,7.6,"Animation, Adventure, Comedy, Crime, Family, Sci-Fi",95,"yes","Subtitles/subtitles_tt1323594.txt"
"Films (Non-English)",2,"Don't Kill Me",7,11116374,NA,24,"40",NA,7,4.3,"Fantasy, Horror, Romance",90,"yes","Subtitles/subtitles_tt11116374.txt"
"Films (Non-English)",5,"Parallel Mothers",14,12618926,88,210,"108",NA,13,7.1,"Drama",123,"yes","Subtitles/subtitles_tt12618926.txt"
"Films (Non-English)",9,"Compadres",7,3367294,28,8,"15","$3,000,000",18,4.8,"Action, Comedy, Crime",101,"yes","Subtitles/subtitles_tt3367294.txt"
"Films (Non-English)",10,"Lost Paradise",7,1863352,NA,NA,"2",NA,5,5.6,"Drama",93,"yes","Subtitles/subtitles_tt1863352.txt"
"Films (English)",7,"St. Vincent",7,2170593,64,275,"245","$13,000,000",29,7.2,"Comedy, Drama",102,"yes","Subtitles/subtitles_tt2170593.txt"
"Films (English)",10,"The Vanishing",7,108473,49,44,"143","$20,000,000",10,6.3,"Drama, Horror, Mystery, Thriller",109,"yes","Subtitles/subtitles_tt0108473.txt"
"Films (Non-English)",4,"Love and Leashes",14,15553956,NA,24,"90",NA,5,6.3,"Comedy, Romance",117,"yes","Subtitles/subtitles_tt15553956.txt"
"Films (Non-English)",5,"The Privilege",14,14637290,NA,28,"89",NA,9,4.7,"Drama, Horror, Mystery, Sci-Fi, Thriller",107,"yes","Subtitles/subtitles_tt14637290.txt"
"Films (Non-English)",7,"Into the Wind",14,17044594,NA,12,"9",NA,4,5.2,"Comedy, Drama, Romance, Sport",107,"yes","Subtitles/subtitles_tt17044594.txt"
"Films (Non-English)",9,"My Best Friend Anne Frank",21,10360772,NA,24,"41",NA,6,6.2,"Drama",103,"yes","Subtitles/subtitles_tt10360772.txt"
"Films (English)",5,"Home Team",21,14592064,23,40,"151",NA,13,6,"Comedy, Sport",95,"yes","Subtitles/subtitles_tt14592064.txt"
"Films (English)",7,"Dora and the Lost City of Gold",7,7547410,63,137,"325","$49,000,000",22,6.1,"Action, Adventure, Comedy, Family, Fantasy, Mystery",102,"yes","Subtitles/subtitles_tt7547410.txt"
"Films (English)",8,"Faster",14,1433108,44,190,"224","$24,000,000",25,6.4,"Action, Crime, Drama, Thriller",98,"yes","Subtitles/subtitles_tt1433108.txt"
"Films (English)",9,"The Power of the Dog",21,10293406,89,323,"1.6K",NA,19,6.8,"Drama, Romance, Western",126,"yes","Subtitles/subtitles_tt10293406.txt"
"Films (English)",10,"Don't Look Up",56,11286314,49,309,"4.6K","$75,000,000",51,7.2,"Comedy, Drama, Sci-Fi",138,"yes","Subtitles/subtitles_tt11286314.txt"
"Films (Non-English)",8,"Child of Kamiari Month",7,13057626,NA,11,"11","¥500,000,000",10,5.8,"Animation, Adventure, Drama, Family, Fantasy, Mystery",99,"yes","Subtitles/subtitles_tt13057626.txt"
"Films (Non-English)",9,"Looop Lapeta",14,8907974,NA,25,"168",NA,8,5.2,"Action, Comedy, Crime, Romance, Thriller",131,"yes","Subtitles/subtitles_tt8907974.txt"
"Films (English)",5,"Transformers: Revenge of the Fallen",7,1055369,35,375,"1.5K","$200,000,000",54,5.9,"Action, Adventure, Sci-Fi",149,"yes","Subtitles/subtitles_tt1055369.txt"
"Films (English)",6,"The Royal Treatment",21,13989030,36,35,"196",NA,7,5.2,"Comedy, Family, Romance",96,"yes","Subtitles/subtitles_tt13989030.txt"
"Films (English)",9,"Can You Keep a Secret?",7,8707922,35,23,"250",NA,9,5.3,"Comedy, Romance",94,"yes","Subtitles/subtitles_tt8707922.txt"
"Films (Non-English)",3,"My Father's Violin",21,14369276,NA,10,"52",NA,4,6.4,"Drama",112,"yes","Subtitles/subtitles_tt14369276.txt"
"Films (Non-English)",5,"Lost Bullet",21,10456740,78,43,"109",NA,14,6.3,"Action, Crime, Thriller",92,"yes","Subtitles/subtitles_tt10456740.txt"
"Films (Non-English)",7,"Amandla",21,5343008,NA,9,"17","CA$700,000",7,5.6,"Crime, Drama",106,"yes","Subtitles/subtitles_tt5343008.txt"
"Films (Non-English)",8,"How I Fell in Love with a Gangster",35,16453244,NA,12,"31",NA,15,6,"Crime, Drama",185,"yes","Subtitles/subtitles_tt16453244.txt"
"Films (Non-English)",9,"Fierce",14,11692986,NA,8,"11",NA,3,5.5,"Comedy, Music",118,"yes","Subtitles/subtitles_tt11692986.txt"
"Films (Non-English)",10,"The Medium",7,13446168,NA,78,"161",NA,3,6.5,"Horror",130,"yes","Subtitles/subtitles_tt13446168.txt"
"Films (English)",5,"The Secret Life of Pets 2",21,5113040,55,163,"317","$80,000,000",34,6.4,"Animation, Adventure, Comedy, Family",86,"yes","Subtitles/subtitles_tt5113040.txt"
"Films (English)",7,"Hotel Transylvania 3: Summer Vacation",35,5220122,54,131,"285","$80,000,000",38,6.3,"Animation, Adventure, Comedy, Family, Fantasy, Horror",97,"yes","Subtitles/subtitles_tt5220122.txt"
"Films (English)",8,"Brazen",21,13978306,NA,47,"381",NA,9,4.1,"Crime, Drama, Mystery, Romance, Thriller",94,"yes","Subtitles/subtitles_tt13978306.txt"
"Films (English)",9,"The Possession of Hannah Grace",7,5734576,37,130,"311","$7,700,000",10,5.2,"Horror, Mystery, Thriller",86,"yes","Subtitles/subtitles_tt5734576.txt"
"Films (English)",10,"A Perfect Enemy",7,9421200,NA,39,"51",NA,4,5.5,"Adventure, Drama, Thriller",89,"yes","Subtitles/subtitles_tt9421200.txt"
"Films (Non-English)",4,"Shyam Singha Roy",14,13349716,NA,8,"203",NA,10,7.7,"Drama, Romance",155,"yes","Subtitles/subtitles_tt13349716.txt"
"Films (Non-English)",7,"Photocopier",21,13729220,NA,25,"43",NA,17,6.8,"Crime, Drama, Mystery, Thriller",130,"yes","Subtitles/subtitles_tt13729220.txt"
"Films (Non-English)",9,"Rogue City",14,10127684,NA,27,"87",NA,14,6.1,"Action, Crime, Drama, Thriller",116,"yes","Subtitles/subtitles_tt10127684.txt"
"Films (Non-English)",10,"Vicky and Her Mystery",42,10945274,NA,8,"16",NA,7,6.3,"Adventure, Drama, Family",84,"yes","Subtitles/subtitles_tt10945274.txt"
"Films (English)",5,"Riverdance: The Animated Adventure",14,10841088,NA,23,"47",NA,7,5.5,"Animation, Adventure, Comedy, Family, Fantasy, Musical",90,"yes","Subtitles/subtitles_tt10841088.txt"
"Films (English)",7,"After We Fell",7,13069986,NA,32,"215",NA,13,4.6,"Drama, Romance",98,"yes","Subtitles/subtitles_tt13069986.txt"
"Films (English)",9,"Back to the Outback",49,13575806,58,23,"70",NA,23,6.5,"Animation, Adventure, Comedy, Family",95,"yes","Subtitles/subtitles_tt13575806.txt"
"Films (English)",10,"Mother/Android",21,13029044,43,53,"476",NA,12,4.9,"Drama, Sci-Fi, Thriller",110,"yes","Subtitles/subtitles_tt13029044.txt"
"Films (English)",10,"The Clovehitch Killer",7,6269368,59,60,"355",NA,8,6.5,"Crime, Drama, Mystery, Thriller",109,"yes","Subtitles/subtitles_tt6269368.txt"
"Films (Non-English)",2,"Four to Dinner",14,14247286,NA,16,"26",NA,7,6.3,"Comedy, Romance",105,"yes","Subtitles/subtitles_tt14247286.txt"
"Films (Non-English)",3,"The Wasteland",14,13323118,NA,43,"107",NA,4,4.6,"Drama, Horror, Mystery",92,"yes","Subtitles/subtitles_tt13323118.txt"
"Films (Non-English)",4,"Chandigarh Kare Aashiqui",14,12861850,NA,16,"186",NA,7,6.8,"Comedy, Crime, Drama, Romance",117,"yes","Subtitles/subtitles_tt12861850.txt"
"Films (Non-English)",7,"Minnal Murali",28,7268738,NA,27,"474",NA,10,7.9,"Action, Adventure, Comedy, Drama, Fantasy, Sci-Fi",158,"yes","Subtitles/subtitles_tt7268738.txt"
"Films (Non-English)",9,"Lulli",21,16282866,NA,12,"12",NA,10,4.8,"Comedy, Romance",90,"yes","Subtitles/subtitles_tt16282866.txt"
"Films (Non-English)",10,"Sin Nombre",14,1127715,77,160,"91",NA,17,7.5,"Adventure, Crime, Drama, Thriller",96,"yes","Subtitles/subtitles_tt1127715.txt"
"Films (English)",3,"The Lost Daughter",14,9100054,86,208,"814",NA,13,6.7,"Drama",121,"yes","Subtitles/subtitles_tt9100054.txt"
"Films (English)",5,"The Unforgivable",35,11233960,41,94,"939",NA,21,7.1,"Crime, Drama",112,"yes","Subtitles/subtitles_tt11233960.txt"
"Films (English)",8,"Journey 2: The Mysterious Island",14,1397514,41,178,"244","$79,000,000",11,5.7,"Action, Adventure, Comedy, Family, Fantasy, Sci-Fi",94,"yes","Subtitles/subtitles_tt1397514.txt"
"Films (English)",10,"The Longest Yard",7,71771,61,61,"74","$2,900,000",12,7.1,"Comedy, Crime, Drama, Sport",121,"yes","Subtitles/subtitles_tt0071771.txt"
"Films (English)",6,"Spider-Man: Homecoming",21,2250912,73,593,"1.5K","$175,000,000",47,7.4,"Action, Adventure, Sci-Fi",133,"yes","Subtitles/subtitles_tt2250912.txt"
"Films (English)",7,"Fast & Furious Presents: Hobbs & Shaw",14,6806448,60,322,"1.4K","$200,000,000",32,6.5,"Action, Adventure, Thriller",137,"yes","Subtitles/subtitles_tt6806448.txt"
"Films (English)",8,"Death to 2021",7,16301388,NA,16,"166",NA,14,6.3,"Comedy",60,"yes","Subtitles/subtitles_tt16301388.txt"
"Films (English)",10,"Spider-Man",7,145487,73,330,"2.3K","$139,000,000",64,7.4,"Action, Adventure, Sci-Fi",121,"yes","Subtitles/subtitles_tt0145487.txt"
"Films (Non-English)",5,"1000 Miles from Christmas",14,13782052,NA,11,"13",NA,12,5.8,"Comedy, Romance",102,"yes","Subtitles/subtitles_tt13782052.txt"
"Films (Non-English)",7,"The Whole Truth",35,3503406,46,57,"145",NA,11,6.2,"Crime, Drama, Mystery, Thriller",93,"yes","Subtitles/subtitles_tt3503406.txt"
"Films (Non-English)",8,"Anonymously Yours",28,16088568,NA,18,"12",NA,0,5.7,"Drama, Romance",100,"yes","Subtitles/subtitles_tt16088568.txt"
"Films (Non-English)",9,"The Hand of God",21,12680684,76,162,"124",NA,18,7.3,"Drama",130,"yes","Subtitles/subtitles_tt12680684.txt"
"Films (Non-English)",10,"Sooryavanshi",35,9531772,NA,17,"4.7K",NA,19,6.1,"Action, Crime, Thriller",145,"yes","Subtitles/subtitles_tt9531772.txt"
"Films (English)",6,"The Christmas Chronicles",28,2990140,52,88,"742",NA,21,7,"Adventure, Comedy, Family, Fantasy",104,"yes","Subtitles/subtitles_tt2990140.txt"
"Films (English)",8,"A California Christmas: City Lights",14,13701962,NA,16,"45",NA,7,5.5,"Comedy, Drama, Romance",106,"yes","Subtitles/subtitles_tt13701962.txt"
"Films (English)",9,"The Christmas Chronicles: Part Two",21,11057644,51,64,"427",NA,17,6,"Adventure, Comedy, Family, Fantasy",112,"yes","Subtitles/subtitles_tt11057644.txt"
"Films (English)",10,"A Boy Called Christmas",35,10187208,61,59,"188",NA,11,6.7,"Adventure, Drama, Family, Fantasy",106,"yes","Subtitles/subtitles_tt10187208.txt"
"Films (Non-English)",2,"Grumpy Christmas",7,15565724,NA,5,"7",NA,6,4.4,"Comedy",87,"yes","Subtitles/subtitles_tt15565724.txt"
"Films (Non-English)",9,"David and the Elves",21,15565714,NA,10,"11",NA,11,5.2,"Comedy, Family, Fantasy",105,"yes","Subtitles/subtitles_tt15565714.txt"
"Films (English)",5,"The Shack",7,2872518,32,109,"464","$20,000,000",22,6.2,"Drama, Fantasy",132,"yes","Subtitles/subtitles_tt2872518.txt"
"Films (English)",7,"John Wick: Chapter 3 - Parabellum",7,6146586,73,402,"2.4K","$75,000,000",42,7.4,"Action, Crime, Thriller",130,"yes","Subtitles/subtitles_tt6146586.txt"
"Films (Non-English)",3,"Two",14,12358104,NA,32,"70",NA,2,4.3,"Drama, Mystery, Thriller",70,"yes","Subtitles/subtitles_tt12358104.txt"
"Films (Non-English)",8,"Spoiled Brats",28,13079150,NA,20,"31","€5,900,000",6,6,"Comedy",95,"yes","Subtitles/subtitles_tt13079150.txt"
"Films (English)",8,"Redemption Day",7,4439620,22,21,"1.1K",NA,12,4.6,"Action, Drama, Thriller",99,"yes","Subtitles/subtitles_tt4439620.txt"
"Films (English)",9,"Bruised",21,8310474,52,81,"242","$11,000,000",16,6.2,"Drama, Sport",129,"yes","Subtitles/subtitles_tt8310474.txt"
"Films (Non-English)",7,"More the Merrier",14,6925902,NA,11,"23",NA,20,5.4,"Comedy",111,"yes","Subtitles/subtitles_tt6925902.txt"
"Films (Non-English)",10,"The Claus Family",42,12459520,NA,11,"21",NA,11,5.5,"Comedy, Family, Fantasy",96,"yes","Subtitles/subtitles_tt12459520.txt"
"Films (English)",7,"14 Peaks: Nothing Is Impossible",7,14079374,68,37,"224",NA,3,7.7,"Documentary, Adventure, Sport",101,"yes","Subtitles/subtitles_tt14079374.txt"
"Films (English)",10,"Love Hard",35,10752004,42,59,"478",NA,13,6.3,"Comedy, Romance",104,"yes","Subtitles/subtitles_tt10752004.txt"
"Films (Non-English)",6,"Outlaws",14,6301712,24,28,"26",NA,13,5.3,"Crime, Drama, Thriller",92,"yes","Subtitles/subtitles_tt6301712.txt"
"Films (Non-English)",8,"Just Short of Perfect",21,15863594,NA,9,"10",NA,7,5.4,"Comedy, Romance",94,"yes","Subtitles/subtitles_tt15863594.txt"
"Films (Non-English)",9,"Dhamaka",21,13510660,NA,24,"1.1K",NA,10,7.1,"Crime, Drama, Thriller",103,"yes","Subtitles/subtitles_tt13510660.txt"
"Films (English)",6,"The Croods",14,481499,55,271,"288","$135,000,000",10,7.2,"Animation, Adventure, Comedy, Family, Fantasy",98,"yes","Subtitles/subtitles_tt0481499.txt"
"Films (English)",7,"Jack Reacher: Never Go Back",7,3393786,47,306,"450","$60,000,000",34,6.1,"Action, Crime, Drama, Thriller",118,"yes","Subtitles/subtitles_tt3393786.txt"
"Films (English)",8,"Extinct",7,8241000,NA,16,"42",NA,25,5.4,"Animation, Adventure, Comedy, Family",84,"yes","Subtitles/subtitles_tt8241000.txt"
"Films (English)",9,"Central Intelligence",14,1489889,52,242,"285","$50,000,000",29,6.3,"Action, Comedy, Crime",107,"yes","Subtitles/subtitles_tt1489889.txt"
"Films (Non-English)",4,"Love Me Instead",14,13161356,NA,9,"20",NA,8,7,"Drama",124,"yes","Subtitles/subtitles_tt13161356.txt"
"Films (Non-English)",6,"Earwig and the Witch",14,12441478,46,63,"134",NA,8,4.8,"Animation, Adventure, Family, Fantasy",82,"yes","Subtitles/subtitles_tt12441478.txt"
"Films (Non-English)",7,"Prayers for the Stolen",14,10366574,83,46,"20",NA,10,7.3,"Drama",110,"yes","Subtitles/subtitles_tt10366574.txt"
"Films (Non-English)",8,"Yara",28,15655276,NA,27,"42",NA,9,6.3,"Crime, Drama, Thriller",96,"yes","Subtitles/subtitles_tt15655276.txt"
"Films (Non-English)",10,"Sinkhole",7,12664618,NA,10,"25",NA,11,6.1,"Action, Comedy, Drama",117,"yes","Subtitles/subtitles_tt12664618.txt"
"Films (English)",5,"The Harder They Fall",21,10696784,68,150,"1K",NA,28,6.6,"Action, Drama, Western",139,"yes","Subtitles/subtitles_tt10696784.txt"
"Films (English)",7,"Army of Thieves",28,13024674,49,129,"498",NA,14,6.4,"Action, Comedy, Crime, Thriller",127,"yes","Subtitles/subtitles_tt13024674.txt"
"Films (English)",8,"Trolls",7,1679335,55,186,"236","$125,000,000",21,6.4,"Animation, Adventure, Comedy, Family, Fantasy, Musical, Romance",92,"yes","Subtitles/subtitles_tt1679335.txt"
"Films (Non-English)",2,"7 Prisoners",14,14168118,80,62,"43",NA,9,7.1,"Crime, Drama",93,"yes","Subtitles/subtitles_tt14168118.txt"
"Films (Non-English)",9,"The Forgotten Battle",42,10521092,NA,35,"267","€14,000,000",23,7.1,"Drama, War",124,"yes","Subtitles/subtitles_tt10521092.txt"
"Films (English)",5,"Father Christmas Is Back",7,13103340,NA,21,"182",NA,9,4.5,"Comedy",105,"yes","Subtitles/subtitles_tt13103340.txt"
"Films (English)",6,"211",7,4976192,21,45,"233",NA,9,4.4,"Action, Drama, Thriller",86,"yes","Subtitles/subtitles_tt4976192.txt"
"Films (English)",7,"Army of the Dead",21,993840,57,173,"4.1K","$70,000,000",42,5.7,"Action, Crime, Horror, Sci-Fi, Thriller",148,"yes","Subtitles/subtitles_tt0993840.txt"
"Films (English)",8,"Passing",7,8893974,85,174,"165",NA,8,6.7,"Drama",98,"yes","Subtitles/subtitles_tt8893974.txt"
"Films (English)",9,"Transformers: The Last Knight",14,3371366,27,298,"940","$217,000,000",53,5.2,"Action, Adventure, Sci-Fi",154,"yes","Subtitles/subtitles_tt3371366.txt"
"Films (English)",10,"Jumanji: The Next Level",7,7975244,58,255,"1K","$125,000,000",27,6.7,"Action, Adventure, Comedy, Fantasy",123,"yes","Subtitles/subtitles_tt7975244.txt"
"Films (Non-English)",6,"Stuck Together",28,13834006,NA,20,"44",NA,10,6.3,"Comedy",125,"yes","Subtitles/subtitles_tt13834006.txt"
"Films (Non-English)",7,"Lords of Scam",7,15711402,NA,6,"5",NA,1,6.4,"Documentary, Crime",105,"yes","Subtitles/subtitles_tt15711402.txt"
"Films (English)",6,"21 Jump Street",7,1232829,69,384,"451","$42,000,000",31,7.2,"Action, Comedy, Crime",109,"yes","Subtitles/subtitles_tt1232829.txt"
"Films (English)",7,"Hypnotic",14,12383460,32,46,"212",NA,6,5.3,"Mystery, Thriller",88,"yes","Subtitles/subtitles_tt12383460.txt"
"Films (English)",8,"The Girl in the Spider's Web",7,5177088,43,209,"492","$43,000,000",25,6.1,"Action, Crime, Drama, Thriller",115,"yes","Subtitles/subtitles_tt5177088.txt"
"Films (Non-English)",7,"Nobody Sleeps in the Woods Tonight 2",14,14315500,NA,20,"94",NA,5,3.9,"Comedy, Horror, Thriller",96,"yes","Subtitles/subtitles_tt14315500.txt"
"Films (Non-English)",8,"Monk Comes Down the Mountain",7,3594826,NA,14,"14",NA,16,5.5,"Action",123,"yes","Subtitles/subtitles_tt3594826.txt"
"Films (Non-English)",9,"The Trip",28,13109952,NA,64,"180",NA,8,6.9,"Action, Comedy, Horror, Thriller",113,"yes","Subtitles/subtitles_tt13109952.txt"
"Films (English)",3,"Night Teeth",14,10763820,42,68,"245","$25,000,000",15,5.7,"Action, Crime, Drama, Fantasy, Horror, Thriller",107,"yes","Subtitles/subtitles_tt10763820.txt"
"Films (English)",4,"Final Score",7,5254610,53,59,"209","$20,000,000",26,5.8,"Action, Drama, Thriller",104,"yes","Subtitles/subtitles_tt5254610.txt"
"Films (English)",5,"King Arthur: Legend of the Sword",7,1972591,41,360,"1.1K","$175,000,000",40,6.7,"Action, Adventure, Drama, Fantasy",126,"yes","Subtitles/subtitles_tt1972591.txt"
"Films (English)",6,"Only Mine",7,9271164,NA,9,"113",NA,9,4.7,"Drama, Thriller",87,"yes","Subtitles/subtitles_tt9271164.txt"
"Films (English)",9,"A Dog's Journey",14,8385474,43,63,"195","$16,000,000",16,7.4,"Adventure, Comedy, Drama, Family, Fantasy",109,"yes","Subtitles/subtitles_tt8385474.txt"
"Films (English)",10,"Venom",28,1270797,35,434,"3.9K","$100,000,000",45,6.6,"Action, Adventure, Sci-Fi",112,"yes","Subtitles/subtitles_tt1270797.txt"
"Films (Non-English)",4,"In for a Murder",14,13377488,NA,11,"30",NA,13,5.4,"Comedy, Thriller",105,"yes","Subtitles/subtitles_tt13377488.txt"
"Films (Non-English)",6,"Nobody Sleeps in the Woods Tonight",7,11240506,NA,37,"198",NA,10,4.9,"Fantasy, Horror, Mystery",102,"yes","Subtitles/subtitles_tt11240506.txt"
"Films (Non-English)",7,"Friendzone",35,14700948,NA,11,"25",NA,1,5.9,"Comedy, Romance",88,"yes","Subtitles/subtitles_tt14700948.txt"
"Films (Non-English)",8,"The Four of Us",14,15360916,NA,9,"6",NA,6,5.3,"Comedy, Drama, Romance",88,"yes","Subtitles/subtitles_tt15360916.txt"
"Films (Non-English)",9,"Budapest",7,7027092,NA,8,"23",NA,7,5.4,"Comedy",102,"yes","Subtitles/subtitles_tt7027092.txt"
"Films (English)",3,"What Happens in Vegas",7,1033643,36,73,"190","$35,000,000",24,6.1,"Comedy, Romance",99,"yes","Subtitles/subtitles_tt1033643.txt"
"Films (English)",5,"My Little Pony: A New Generation",35,10101702,NA,17,"105",NA,20,6.8,"Animation, Adventure, Comedy, Family, Fantasy, Musical",90,"yes","Subtitles/subtitles_tt10101702.txt"
"Films (English)",6,"Unfaithful",7,250797,63,91,"592","$50,000,000",18,6.7,"Drama, Romance, Thriller",124,"yes","Subtitles/subtitles_tt0250797.txt"
"Films (English)",7,"Going in Style",14,2568862,50,189,"195","$25,000,000",26,6.6,"Comedy, Crime",96,"yes","Subtitles/subtitles_tt2568862.txt"
"Films (English)",8,"The Guilty",28,9421570,63,174,"1.2K",NA,21,6.3,"Crime, Drama, Thriller",90,"yes","Subtitles/subtitles_tt9421570.txt"
"Films (English)",9,"Street Kings",7,421073,55,195,"235","$20,000,000",28,6.8,"Action, Crime, Thriller",109,"yes","Subtitles/subtitles_tt0421073.txt"
"Films (Non-English)",6,"My Brother, My Sister",21,13003996,NA,14,"13",NA,5,6,"Drama",110,"yes","Subtitles/subtitles_tt13003996.txt"
"Films (Non-English)",9,"Confessions of an Invisible Girl",35,15204288,NA,15,"12",NA,6,5.2,"Comedy, Drama",91,"yes","Subtitles/subtitles_tt15204288.txt"
"Films (Non-English)",10,"Beauty and the Beast",28,2771200,65,526,"1.2K","$160,000,000",23,7.1,"Adventure, Family, Fantasy, Musical, Romance",129,"yes","Subtitles/subtitles_tt2771200.txt"
"Films (English)",3,"Security",14,3501112,NA,43,"136","$15,000,000",9,5.7,"Action, Crime, Thriller",88,"yes","Subtitles/subtitles_tt3501112.txt"
"Films (English)",5,"There's Someone Inside Your House",14,8150814,45,85,"258",NA,15,4.8,"Horror, Mystery, Thriller",96,"yes","Subtitles/subtitles_tt8150814.txt"
"Films (English)",6,"Pokémon the Movie: Secrets of the Jungle",14,11819890,NA,8,"23",NA,5,6.4,"Animation, Action, Adventure, Family, Fantasy",99,"yes","Subtitles/subtitles_tt11819890.txt"
"Films (English)",7,"Redemption",7,14479480,NA,NA,"45",NA,6,7.3,"Crime, Drama, Mystery",58,"yes","Subtitles/subtitles_tt14479480.txt"
"Films (English)",8,"Titanic",14,120338,75,227,"3.2K","$200,000,000",50,7.9,"Drama, Romance",194,"yes","Subtitles/subtitles_tt0120338.txt"
"Films (English)",10,"Knight and Day",7,1013743,46,299,"457","$117,000,000",33,6.3,"Action, Adventure, Comedy",109,"yes","Subtitles/subtitles_tt1013743.txt"
"Films (Non-English)",4,"Fever Dream",7,9471660,75,39,"27",NA,7,5.4,"Drama, Horror, Mystery, Thriller",93,"yes","Subtitles/subtitles_tt9471660.txt"
"Films (English)",6,"Ride Along 2",7,2869728,32,130,"90","$40,000,000",40,5.9,"Action, Comedy, Crime",102,"yes","Subtitles/subtitles_tt2869728.txt"
"Films (English)",7,"Heat",7,113277,76,216,"1.2K","$60,000,000",42,8.3,"Action, Crime, Drama",170,"yes","Subtitles/subtitles_tt0113277.txt"
"Films (English)",9,"Mr. & Mrs. Smith",7,356910,55,217,"890","$110,000,000",30,6.5,"Action, Comedy, Crime, Thriller",120,"yes","Subtitles/subtitles_tt0356910.txt"
"Films (Non-English)",2,"The Seven Deadly Sins: Cursed by Light",14,13884144,NA,4,"14",NA,32,6.3,"Animation, Action, Fantasy",79,"yes","Subtitles/subtitles_tt13884144.txt"
"Films (Non-English)",3,"Sounds Like Love",14,11698662,NA,21,"10",NA,7,5.4,"Comedy, Music, Romance",110,"yes","Subtitles/subtitles_tt11698662.txt"
"Films (Non-English)",5,"Forever Rich",7,12748300,NA,14,"18",NA,9,5.5,"Comedy, Crime, Drama, Music, Thriller",89,"yes","Subtitles/subtitles_tt12748300.txt"
"Films (English)",3,"The Starling",14,5164438,31,69,"252",NA,24,6.3,"Comedy, Drama",102,"yes","Subtitles/subtitles_tt5164438.txt"
"Films (English)",4,"No One Gets Out Alive",7,13056008,43,59,"222",NA,13,5.3,"Drama, Horror, Mystery, Thriller",87,"yes","Subtitles/subtitles_tt13056008.txt"
"Films (English)",6,"Intrusion",14,5563324,39,54,"356",NA,7,5.2,"Drama, Thriller",92,"yes","Subtitles/subtitles_tt5563324.txt"
"Films (English)",7,"Grown Ups",14,1375670,30,180,"432","$80,000,000",31,5.9,"Comedy",102,"yes","Subtitles/subtitles_tt1375670.txt"
"Films (English)",8,"Kate",28,7737528,47,130,"589",NA,12,6.2,"Action, Adventure, Crime, Drama, Thriller",106,"yes","Subtitles/subtitles_tt7737528.txt"
"Films (English)",9,"Man on Fire",21,328107,47,158,"873","$70,000,000",24,7.7,"Action, Crime, Drama, Thriller",146,"yes","Subtitles/subtitles_tt0328107.txt"
"Films (English)",10,"Vivo",49,6338498,66,93,"241",NA,25,6.7,"Animation, Adventure, Comedy, Drama, Family, Musical",95,"yes","Subtitles/subtitles_tt6338498.txt"
"Films (Non-English)",6,"The Father Who Moves Mountains",21,8886670,NA,18,"126",NA,11,5.6,"Drama, Thriller",108,"yes","Subtitles/subtitles_tt8886670.txt"
"Films (Non-English)",8,"Je Suis Karl",7,9205538,NA,33,"18",NA,13,5.5,"Drama, Romance, Thriller",126,"yes","Subtitles/subtitles_tt9205538.txt"
"Films (Non-English)",9,"The Stronghold",21,10404944,NA,24,"56","$13,000,000",11,6.9,"Action, Crime, Thriller",105,"yes","Subtitles/subtitles_tt10404944.txt"
"Films (English)",7,"Schumacher",14,10322274,NA,26,"133",NA,4,7.4,"Documentary, Biography, Sport",112,"yes","Subtitles/subtitles_tt10322274.txt"
"Films (English)",8,"Safe House",14,1599348,52,204,"368","$85,000,000",30,6.7,"Action, Thriller",115,"yes","Subtitles/subtitles_tt1599348.txt"
"Films (English)",9,"Nightbooks",14,10521144,65,47,"118",NA,12,5.7,"Family, Fantasy, Horror, Mystery",103,"yes","Subtitles/subtitles_tt10521144.txt"
"Films (English)",10,"The Marksman",14,6902332,44,110,"521","$23,000,000",9,5.6,"Action, Crime, Drama, Thriller",108,"yes","Subtitles/subtitles_tt6902332.txt"
"Films (Non-English)",4,"Prey",21,11866324,71,287,"2.4K","$65,000,000",13,7.2,"Action, Adventure, Drama, Horror, Sci-Fi, Thriller",99,"yes","Subtitles/subtitles_tt11866324.txt"
"Films (Non-English)",6,"Ankahi Kahaniya",7,15250998,NA,11,"28",NA,9,5.5,"Drama, Romance",110,"yes","Subtitles/subtitles_tt15250998.txt"
"Films (Non-English)",9,"Xtreme",21,11658120,NA,31,"82",NA,13,5.8,"Action, Crime, Drama",111,"yes","Subtitles/subtitles_tt11658120.txt"
"Films (English)",6,"The Equalizer 2",7,3766354,50,240,"801","$62,000,000",23,6.7,"Action, Crime, Thriller",121,"yes","Subtitles/subtitles_tt3766354.txt"
"Films (English)",9,"Afterlife of the Party",21,11742798,NA,35,"135",NA,4,5.8,"Comedy, Drama, Fantasy, Romance",109,"yes","Subtitles/subtitles_tt11742798.txt"
"Films (English)",10,"First Kill",7,13315156,NA,24,"860",NA,18,6.5,"Drama, Horror, Mystery",60,"yes","Subtitles/subtitles_tt13315156.txt"
"Films (Non-English)",4,"JJ+E",14,12299824,NA,15,"17",NA,7,5.3,"Drama, Romance",90,"yes","Subtitles/subtitles_tt12299824.txt"
"Films (Non-English)",7,"Love of My Loves",14,3344928,NA,NA,"4","MX$15,000,000",11,6.2,"Comedy",95,"yes","Subtitles/subtitles_tt3344928.txt"
"Films (Non-English)",8,"Kung Fu Hustle",14,373074,78,372,"468","$20,000,000",14,7.7,"Action, Comedy, Fantasy",99,"yes","Subtitles/subtitles_tt0373074.txt"
"Films (Non-English)",9,"The Women and the Murderer",14,15216504,NA,9,"20",NA,1,6.4,"Documentary, Crime",92,"yes","Subtitles/subtitles_tt15216504.txt"
"Films (Non-English)",10,"Amores perros",7,245712,83,154,"420","$2,000,000",17,8.1,"Drama, Thriller",154,"yes","Subtitles/subtitles_tt0245712.txt"
"Films (English)",3,"Worth",14,8009744,67,86,"106",NA,22,6.8,"Biography, Drama, History",118,"yes","Subtitles/subtitles_tt8009744.txt"
"Films (English)",4,"He's All That",21,4590256,36,58,"866",NA,14,4.4,"Comedy, Romance",88,"yes","Subtitles/subtitles_tt4590256.txt"
"Films (English)",6,"In Time",7,1637688,53,366,"666","$40,000,000",37,6.7,"Action, Sci-Fi, Thriller",109,"yes","Subtitles/subtitles_tt1637688.txt"
"Films (English)",7,"Noah",7,1959490,68,448,"1.4K","$125,000,000",35,5.8,"Action, Adventure, Drama",138,"yes","Subtitles/subtitles_tt1959490.txt"
"Films (English)",9,"Sweet Girl",28,10731768,46,80,"745",NA,22,5.5,"Action, Drama, Thriller",110,"yes","Subtitles/subtitles_tt10731768.txt"
"Films (English)",10,"Monte Carlo",7,1067774,43,91,"67","$20,000,000",15,5.8,"Adventure, Comedy, Family, Romance",109,"yes","Subtitles/subtitles_tt1067774.txt"
"Films (Non-English)",4,"Invasion",14,9737326,NA,27,"1.7K",NA,21,6,"Drama, Fantasy, Sci-Fi",60,"yes","Subtitles/subtitles_tt9737326.txt"
"Films (Non-English)",8,"The Secret Diary of an Exchange Student",28,11594766,NA,9,"7",NA,6,5.3,"Comedy, Romance",96,"yes","Subtitles/subtitles_tt11594766.txt"
"Films (Non-English)",10,"Lassie Come Home",7,36098,78,15,"41",NA,7,7.1,"Adventure, Drama, Family",89,"yes","Subtitles/subtitles_tt0036098.txt"
"Films (English)",6,"The Loud House Movie",21,6714432,NA,11,"59",NA,22,6.1,"Animation, Adventure, Comedy, Family, Musical",83,"yes","Subtitles/subtitles_tt6714432.txt"
"Films (English)",8,"The Secret Life of Pets",21,2709768,61,295,"356","$75,000,000",28,6.5,"Animation, Adventure, Comedy, Family",87,"yes","Subtitles/subtitles_tt2709768.txt"
"Films (English)",10,"Green Lantern",7,1133985,39,437,"739","$200,000,000",28,5.5,"Action, Adventure, Sci-Fi",114,"yes","Subtitles/subtitles_tt1133985.txt"
"Films (Non-English)",5,"Flu",7,2351310,40,57,"100",NA,23,6.6,"Action, Drama, Sci-Fi",122,"yes","Subtitles/subtitles_tt2351310.txt"
"Films (Non-English)",6,"Black Island",21,12881516,NA,15,"43",NA,8,5.2,"Drama, Mystery, Thriller",104,"yes","Subtitles/subtitles_tt12881516.txt"
"Films (English)",5,"The Old Ways",7,12829958,67,64,"124",NA,5,5.4,"Drama, Fantasy, Horror, Thriller",90,"yes","Subtitles/subtitles_tt12829958.txt"
"Films (English)",7,"The Witcher: Nightmare of the Wolf",7,11657662,67,31,"290",NA,21,7.2,"Animation, Action, Adventure, Drama, Fantasy, Mystery",83,"yes","Subtitles/subtitles_tt11657662.txt"
"Films (English)",9,"The Kissing Booth 3",21,12783454,36,39,"262",NA,11,4.8,"Comedy, Romance",112,"yes","Subtitles/subtitles_tt12783454.txt"
"Films (English)",10,"Tomb Raider",7,1365519,48,416,"1.4K","$94,000,000",19,6.3,"Action, Adventure, Fantasy, Thriller",119,"yes","Subtitles/subtitles_tt1365519.txt"
"Films (Non-English)",6,"The Last Mercenary",35,12808182,48,49,"118","€13,500,000",18,5.3,"Action, Adventure, Comedy, Crime, Thriller",110,"yes","Subtitles/subtitles_tt12808182.txt"
"Films (Non-English)",9,"Bartkowiak",21,14315566,NA,13,"8",NA,7,5.1,"Action, Crime, Sport",91,"yes","Subtitles/subtitles_tt14315566.txt"
"Films (Non-English)",10,"Shiny_Flakes: The Teenage Drug Lord",28,15036416,NA,10,"19",NA,2,7.3,"Documentary, Biography, Crime",96,"yes","Subtitles/subtitles_tt15036416.txt"
"Films (English)",3,"Beckett",14,10230994,52,98,"652",NA,15,5.6,"Action, Crime, Drama, Thriller",110,"yes","Subtitles/subtitles_tt10230994.txt"
"Films (English)",8,"The Girl Next Door",7,265208,47,116,"610","$25,000,000",21,6.7,"Comedy, Drama, Romance",109,"yes","Subtitles/subtitles_tt0265208.txt"
"Films (English)",9,"Alvin and the Chipmunks: Chipwrecked",7,1615918,24,88,"83","$75,000,000",22,4.3,"Animation, Adventure, Comedy, Family, Fantasy, Music, Musical",87,"yes","Subtitles/subtitles_tt1615918.txt"
"Films (English)",10,"Resort to Love",28,12929990,46,29,"87",NA,6,5.7,"Comedy, Romance",101,"yes","Subtitles/subtitles_tt12929990.txt"
"Films (Non-English)",7,"Sputnik",7,11905962,61,163,"288","RUR 190,000,000",4,6.4,"Drama, Horror, Mystery, Sci-Fi, Thriller",113,"yes","Subtitles/subtitles_tt11905962.txt"
"Films (English)",5,"Aftermath",14,10691162,NA,29,"402",NA,10,5.3,"Drama, Horror, Mystery, Thriller",114,"yes","Subtitles/subtitles_tt10691162.txt"
"Films (English)",7,"The Kissing Booth",7,3799232,NA,37,"659",NA,9,5.9,"Comedy, Romance",105,"yes","Subtitles/subtitles_tt3799232.txt"
"Films (English)",8,"The Kissing Booth 2",7,9784456,39,52,"389",NA,14,5.7,"Comedy, Romance",134,"yes","Subtitles/subtitles_tt9784456.txt"
"Films (English)",9,"Dead Man Down",14,2101341,39,220,"166","$30,000,000",27,6.4,"Action, Crime, Drama, Thriller",118,"yes","Subtitles/subtitles_tt2101341.txt"
"Films (English)",10,"Untold: Malice at the Palace",7,15085802,NA,13,"50",NA,10,7.5,"Documentary, Crime, Sport",68,"yes","Subtitles/subtitles_tt15085802.txt"
"Films (Non-English)",1,"The Swarm",14,78350,30,69,"163","$21,000,000",19,4.5,"Horror, Thriller",116,"yes","Subtitles/subtitles_tt0078350.txt"
"Films (Non-English)",10,"Kingdom: Ashin of the North",28,13412252,NA,34,"145",NA,5,7,"Action, Drama, Horror, Thriller",92,"yes","Subtitles/subtitles_tt13412252.txt"
"Films (English)",5,"The Losers",7,480255,44,176,"276","$25,000,000",18,6.3,"Action, Adventure, Comedy, Crime, Mystery, Thriller",97,"yes","Subtitles/subtitles_tt0480255.txt"
"Films (English)",9,"Wish Dragon",35,5562070,59,52,"183",NA,19,7.2,"Animation, Adventure, Comedy, Family, Fantasy, Romance",98,"yes","Subtitles/subtitles_tt5562070.txt"
"Films (English)",10,"World Trade Center",7,469641,66,220,"623","$65,000,000",45,6,"Drama, History, Thriller",129,"yes","Subtitles/subtitles_tt0469641.txt"
"Films (English)",3,"Trollhunters: Rise of the Titans",14,12851396,NA,15,"181",NA,31,6.7,"Animation, Action, Adventure, Comedy, Drama, Family, Fantasy",104,"yes","Subtitles/subtitles_tt12851396.txt"
"Films (English)",7,"Twilight",21,1099212,56,355,"1.8K","$37,000,000",23,5.3,"Drama, Fantasy, Romance",122,"yes","Subtitles/subtitles_tt1099212.txt"
"Films (English)",10,"The Twilight Saga: New Moon",14,1259571,44,298,"795","$50,000,000",37,4.7,"Adventure, Drama, Fantasy, Romance",130,"yes","Subtitles/subtitles_tt1259571.txt"
"Films (Non-English)",8,"A Perfect Fit",21,13606090,NA,9,"12",NA,8,5.4,"Comedy, Drama, Romance",112,"yes","Subtitles/subtitles_tt13606090.txt"
"Films (Non-English)",10,"Words Bubble Up Like Soda Pop",7,12735338,NA,12,"42",NA,8,6.8,"Animation, Drama, Music, Romance",87,"yes","Subtitles/subtitles_tt12735338.txt"
"Films (English)",8,"The Twilight Saga: Eclipse",7,1325004,58,287,"511","$68,000,000",38,5,"Action, Adventure, Drama, Fantasy, Romance, Thriller",124,"yes","Subtitles/subtitles_tt1325004.txt"
"Films (Non-English)",6,"The Guide to the Perfect Family",14,11991786,NA,16,"15",NA,10,6.4,"Comedy, Drama",102,"yes","Subtitles/subtitles_tt11991786.txt"
"Films (Non-English)",7,"A Classic Horror Story",14,12877640,NA,72,"284","€3,000,000",6,5.7,"Drama, Horror, Mystery, Thriller",95,"yes","Subtitles/subtitles_tt12877640.txt"
"Films (Non-English)",8,"Deep",7,4105584,NA,10,"33","€6,000,000",11,4.2,"Animation, Adventure, Comedy, Family",93,"yes","Subtitles/subtitles_tt4105584.txt"
"Films (Non-English)",10,"Haseen Dillruba",28,11027830,NA,38,"1K",NA,10,6.9,"Crime, Drama, Mystery, Romance, Thriller",135,"yes","Subtitles/subtitles_tt11027830.txt"
"Films (English)",4,"Gunpowder Milkshake",7,8368408,47,162,"750","$30,000,000",19,6,"Action, Crime, Thriller",114,"yes","Subtitles/subtitles_tt8368408.txt"
"Films (English)",5,"The Water Man",7,4779326,68,53,"81",NA,7,5.5,"Adventure, Drama, Family, Fantasy",91,"yes","Subtitles/subtitles_tt4779326.txt"
"Films (English)",6,"This Little Love of Mine",14,12546872,NA,10,"71",NA,2,5.3,"Romance",91,"yes","Subtitles/subtitles_tt12546872.txt"
"Films (English)",8,"Fatherhood",21,4733624,53,86,"396",NA,22,6.6,"Comedy, Drama",109,"yes","Subtitles/subtitles_tt4733624.txt"
"Films (English)",10,"Rust Creek",7,6610158,59,50,"233",NA,7,5.9,"Crime, Drama, Thriller",108,"yes","Subtitles/subtitles_tt6610158.txt"
"Films (Non-English)",9,"The 8th Night",21,14781176,NA,40,"47",NA,5,5.3,"Horror, Thriller",115,"yes","Subtitles/subtitles_tt14781176.txt"
"Films (Non-English)",10,"Silver Skates",21,10525672,NA,20,"52",NA,11,7.1,"Adventure, Drama, Family, History, Romance",130,"yes","Subtitles/subtitles_tt10525672.txt"
"Films (English)",4,"Warcraft",14,803096,32,373,"1K","$160,000,000",39,6.7,"Action, Adventure, Fantasy",123,"yes","Subtitles/subtitles_tt0803096.txt"
"Films (English)",7,"Mother's Day",7,4824302,18,131,"153","$25,000,000",28,5.6,"Comedy, Drama, Romance",118,"yes","Subtitles/subtitles_tt4824302.txt"
"Films (English)",8,"How to Train Your Dragon: The Hidden World",7,2386490,71,223,"713","$129,000,000",17,7.4,"Animation, Action, Adventure, Comedy, Family, Fantasy",104,"yes","Subtitles/subtitles_tt2386490.txt"
"Films (English)",9,"Kung Fu Panda 3",14,2267968,66,242,"231","$145,000,000",24,7.1,"Animation, Action, Adventure, Comedy, Family, Fantasy",95,"yes","Subtitles/subtitles_tt2267968.txt"
"Films (English)",10,"The Huntsman: Winter's War",7,2381991,35,287,"234","$115,000,000",18,6.1,"Action, Adventure, Drama, Fantasy",114,"yes","Subtitles/subtitles_tt2381991.txt"
"Films (Non-English)",7,"Dynasty Warriors",14,7587604,NA,24,"60",NA,13,4.7,"Action, Adventure, Fantasy",119,"yes","Subtitles/subtitles_tt7587604.txt"
"Films (English)",5,"Good on Paper",7,8231668,54,43,"165",NA,11,5.6,"Comedy, Romance",92,"yes","Subtitles/subtitles_tt8231668.txt"
"Films (English)",8,"Fatale",7,8829830,42,62,"238",NA,16,5.4,"Thriller",102,"yes","Subtitles/subtitles_tt8829830.txt"
"Films (English)",9,"Skylines",7,9387250,46,56,"190",NA,12,4.7,"Action, Adventure, Sci-Fi",113,"yes","Subtitles/subtitles_tt9387250.txt"
"Films (Non-English)",7,"Murder by the Coast",7,13323092,NA,13,"17",NA,1,6.5,"Documentary, Crime, History, Mystery",88,"yes","Subtitles/subtitles_tt13323092.txt"
"Films (Non-English)",10,"Prime Time",7,11460976,NA,32,"32",NA,9,5.2,"Drama, Thriller",93,"yes","Subtitles/subtitles_tt11460976.txt"
