"k_4","Subtitles","k_5","k_6","Film","Rank","Title","n_days","ID","Critic.Rating","Critic.Votes","User.Votes","Budget","Star.Power","User.Rating","Runtime","Netflix.Original.dummy.","Adventure"," Drama"," Family"," History"," Romance","Drama"," Fantasy"," Sci-Fi","Documentary","Action"," Adventure"," Thriller"," Crime"," Mystery","Animation"," Comedy"," Musical","Crime"," Horror","Thriller"," Western","Comedy"," War"," Sport"," Music"," Reality-TV","Fantasy","Horror"," Biography"," Action","Biography","Romance","Mystery","Family"
"1","Subtitles/subtitles_tt10525672.txt","5","3","Films (Non-English)",10,"Silver Skates",21,10525672,52,20,52,0,11,7.1,130,"1",1,1,1,1,1,0,0,0,0,0,0,0,0,0,0,0,0,0,0,0,0,0,0,0,0,0,0,0,0,0,0,0,0,0
"3","Subtitles/subtitles_tt9737326.txt","3","2","Films (Non-English)",4,"Invasion",14,9737326,52,27,1700,0,21,6,60,"1",0,0,0,0,0,1,1,1,0,0,0,0,0,0,0,0,0,0,0,0,0,0,0,0,0,0,0,0,0,0,0,0,0,0
"1","Subtitles/subtitles_tt11893274.txt","5","3","Films (English)",4,"Downfall: The Case Against Boeing",14,11893274,68,30,90,0,7,7.4,89,"1",0,0,0,0,0,0,0,0,1,0,0,0,0,0,0,0,0,0,0,0,0,0,0,0,0,0,0,0,0,0,0,0,0,0
"3","Subtitles/subtitles_tt11347146.txt","4","3","Films (Non-English)",6,"Mat Kilau",14,11347146,52,33,60,1750547.04595186,11,5.7,117,"1",0,1,0,1,0,0,0,0,0,1,1,1,0,0,0,0,0,0,0,0,0,0,0,0,0,0,0,0,0,0,0,0,0,0
"1","Subtitles/subtitles_tt0430105.txt","3","2","Films (English)",6,"Four Brothers",7,430105,49,109,395,4.5e+07,26,6.8,109,"1",0,1,0,0,0,0,0,0,0,1,0,1,1,1,0,0,0,0,0,0,0,0,0,0,0,0,0,0,0,0,0,0,0,0
"3","Subtitles/subtitles_tt6338498.txt","4","5","Films (English)",10,"Vivo",49,6338498,66,93,241,0,25,6.7,95,"1",0,1,1,0,0,0,0,0,0,0,1,0,0,0,1,1,1,0,0,0,0,0,0,0,0,0,0,0,0,0,0,0,0,0
"4","Subtitles/subtitles_tt16453244.txt","2","4","Films (Non-English)",8,"How I Fell in Love with a Gangster",35,16453244,52,12,31,0,15,6,185,"1",0,1,0,0,0,0,0,0,0,0,0,0,0,0,0,0,0,1,0,0,0,0,0,0,0,0,0,0,0,0,0,0,0,0
"2","Subtitles/subtitles_tt13323118.txt","1","6","Films (Non-English)",3,"The Wasteland",14,13323118,52,43,107,0,4,4.6,92,"1",0,0,0,0,0,1,0,0,0,0,0,0,0,1,0,0,0,0,1,0,0,0,0,0,0,0,0,0,0,0,0,0,0,0
"1","Subtitles/subtitles_tt0896798.txt","5","3","Films (English)",10,"Cleaner",14,896798,49,45,100,2.5e+07,14,6.1,88,"1",0,0,0,0,0,0,0,0,0,0,0,0,0,0,0,0,0,0,0,1,0,0,0,0,0,0,0,0,0,0,0,0,0,0
"3","Subtitles/subtitles_tt5113040.txt","3","2","Films (English)",5,"The Secret Life of Pets 2",21,5113040,55,163,317,8e+07,34,6.4,86,"1",0,0,1,0,0,0,0,0,0,0,1,0,0,0,1,1,0,0,0,0,0,0,0,0,0,0,0,0,0,0,0,0,0,0
"4","Subtitles/subtitles_tt13109952.txt","2","4","Films (Non-English)",9,"The Trip",28,13109952,52,64,180,0,8,6.9,113,"1",0,0,0,0,0,0,0,0,0,1,0,1,0,0,0,1,0,0,1,0,0,0,0,0,0,0,0,0,0,0,0,0,0,0
"4","Subtitles/subtitles_tt0069697.txt","2","4","Films (Non-English)",10,"Watch Out, We're Mad",14,69697,52,25,46,0,6,7.3,102,"1",0,0,0,0,0,0,0,0,0,1,0,0,0,0,0,1,0,0,0,0,0,0,0,0,0,0,0,0,0,0,0,0,0,0
"4","Subtitles/subtitles_tt10293406.txt","2","4","Films (English)",9,"The Power of the Dog",21,10293406,89,323,1600,0,19,6.8,126,"1",0,0,0,0,1,1,0,0,0,0,0,0,0,0,0,0,0,0,0,0,1,0,0,0,0,0,0,0,0,0,0,0,0,0
"2","Subtitles/subtitles_tt15565714.txt","1","6","Films (Non-English)",9,"David and the Elves",21,15565714,52,10,11,0,11,5.2,105,"1",0,0,1,0,0,0,1,0,0,0,0,0,0,0,0,0,0,0,0,0,0,1,0,0,0,0,0,0,0,0,0,0,0,0
"4","Subtitles/subtitles_tt14369276.txt","2","4","Films (Non-English)",3,"My Father's Violin",21,14369276,52,10,52,0,4,6.4,112,"1",0,0,0,0,0,1,0,0,0,0,0,0,0,0,0,0,0,0,0,0,0,0,0,0,0,0,0,0,0,0,0,0,0,0
"4","Subtitles/subtitles_tt10360772.txt","2","4","Films (Non-English)",9,"My Best Friend Anne Frank",21,10360772,52,24,41,0,6,6.2,103,"1",0,0,0,0,0,1,0,0,0,0,0,0,0,0,0,0,0,0,0,0,0,0,0,0,0,0,0,0,0,0,0,0,0,0
"3","Subtitles/subtitles_tt20597408.txt","4","5","Films (Non-English)",5,"Heart Parade",21,20597408,52,11,7,0,6,5,108,"1",0,0,0,0,1,0,0,0,0,0,0,0,0,0,0,0,0,0,0,0,0,1,0,0,0,0,0,0,0,0,0,0,0,0
"4","Subtitles/subtitles_tt13164942.txt","5","1","Films (Non-English)",8,"My Wonderful Life",7,13164942,52,7,6,0,8,5.9,99,"1",0,1,0,0,1,0,0,0,0,0,0,0,0,0,0,0,0,0,0,0,0,1,0,0,0,0,0,0,0,0,0,0,0,0
"3","Subtitles/subtitles_tt4733624.txt","4","5","Films (English)",8,"Fatherhood",21,4733624,53,86,396,0,22,6.6,109,"1",0,1,0,0,0,0,0,0,0,0,0,0,0,0,0,0,0,0,0,0,0,1,0,0,0,0,0,0,0,0,0,0,0,0
"3","Subtitles/subtitles_tt10709484.txt","1","6","Films (Non-English)",8,"Don",14,10709484,52,5,123,0,8,6.9,165,"1",0,1,0,0,1,0,0,0,0,0,0,0,0,0,0,0,0,0,0,0,0,1,0,0,0,0,0,0,0,0,0,0,0,0
"1","Subtitles/subtitles_tt10023022.txt","3","2","Films (English)",4,"Clean",7,10023022,44,28,144,0,14,5.6,94,"1",0,1,0,0,0,0,0,0,0,1,0,1,1,0,0,0,0,0,0,0,0,0,0,0,0,0,0,0,0,0,0,0,0,0
"3","Subtitles/subtitles_tt13611770.txt","4","5","Films (Non-English)",6,"Seoul Vibe",21,13611770,52,14,12,0,12,5.5,138,"1",0,1,0,0,0,0,0,0,0,1,0,0,1,0,0,1,0,0,0,0,0,0,0,0,0,0,0,0,0,0,0,0,0,0
"3","Subtitles/subtitles_tt13323092.txt","3","2","Films (Non-English)",7,"Murder by the Coast",7,13323092,52,13,17,0,1,6.5,88,"1",0,0,0,1,0,0,0,0,1,0,0,0,1,1,0,0,0,0,0,0,0,0,0,0,0,0,0,0,0,0,0,0,0,0
"3","Subtitles/subtitles_tt6455162.txt","4","5","Films (Non-English)",10,"Bhool Bhulaiyaa 2",28,6455162,52,10,1000,0,12,5.7,143,"1",0,0,0,0,0,0,0,0,0,0,0,0,0,0,0,0,0,0,1,0,0,1,0,0,0,0,0,0,0,0,0,0,0,0
"4","Subtitles/subtitles_tt10127708.txt","2","4","Films (Non-English)",4,"Valley of the Dead",14,10127708,52,35,48,0,14,5.8,101,"1",0,0,0,0,0,0,1,0,0,1,1,1,0,0,0,0,0,0,1,0,0,0,1,0,0,0,0,0,0,0,0,0,0,0
"4","Subtitles/subtitles_tt8367814.txt","2","4","Films (English)",5,"The Gentlemen",7,8367814,51,300,1700,2.2e+07,25,7.8,113,"1",0,0,0,0,0,0,0,0,0,1,0,0,1,0,0,1,0,0,0,0,0,0,0,0,0,0,0,0,0,0,0,0,0,0
"1","Subtitles/subtitles_tt2771200.txt","3","2","Films (Non-English)",10,"Beauty and the Beast",28,2771200,65,526,1200,1.6e+08,23,7.1,129,"1",1,0,1,0,1,0,1,0,0,0,0,0,0,0,0,0,1,0,0,0,0,0,0,0,0,0,0,0,0,0,0,0,0,0
"1","Subtitles/subtitles_tt1259571.txt","5","3","Films (English)",10,"The Twilight Saga: New Moon",14,1259571,44,298,795,5e+07,37,4.7,130,"1",1,1,0,0,1,0,1,0,0,0,0,0,0,0,0,0,0,0,0,0,0,0,0,0,0,0,0,0,0,0,0,0,0,0
"4","Subtitles/subtitles_tt3501112.txt","2","4","Films (English)",3,"Security",14,3501112,52,43,136,1.5e+07,9,5.7,88,"1",0,0,0,0,0,0,0,0,0,1,0,1,1,0,0,0,0,0,0,0,0,0,0,0,0,0,0,0,0,0,0,0,0,0
"2","Subtitles/subtitles_tt0120647.txt","1","6","Films (English)",9,"Deep Impact",7,120647,40,91,622,7.5e+07,41,6.2,120,"1",0,1,0,0,0,0,0,1,0,1,0,1,0,0,0,0,0,0,0,0,0,0,0,0,0,0,0,0,0,0,0,0,0,0
"2","Subtitles/subtitles_tt21837726.txt","1","6","Films (English)",9,"The Redeem Team",7,21837726,76,12,11,0,22,7.5,97,"1",0,0,0,1,0,0,0,0,1,0,0,0,0,0,0,0,0,0,0,0,0,0,0,1,0,0,0,0,0,0,0,0,0,0
"2","Subtitles/subtitles_tt13456318.txt","1","6","Films (English)",4,"Persuasion",21,13456318,42,92,680,0,9,5.7,108,"1",0,0,0,0,1,1,0,0,0,0,0,0,0,0,0,0,0,0,0,0,0,0,0,0,0,0,0,0,0,0,0,0,0,0
"2","Subtitles/subtitles_tt8829830.txt","1","6","Films (English)",8,"Fatale",7,8829830,42,62,238,0,16,5.4,102,"1",0,0,0,0,0,0,0,0,0,0,0,0,0,0,0,0,0,0,0,1,0,0,0,0,0,0,0,0,0,0,0,0,0,0
"1","Subtitles/subtitles_tt2990140.txt","3","2","Films (English)",6,"The Christmas Chronicles",28,2990140,52,88,742,0,21,7,104,"1",1,0,1,0,0,0,1,0,0,0,0,0,0,0,0,1,0,0,0,0,0,0,0,0,0,0,0,0,0,0,0,0,0,0
"4","Subtitles/subtitles_tt13782052.txt","2","4","Films (Non-English)",5,"1000 Miles from Christmas",14,13782052,52,11,13,0,12,5.8,102,"1",0,0,0,0,1,0,0,0,0,0,0,0,0,0,0,0,0,0,0,0,0,1,0,0,0,0,0,0,0,0,0,0,0,0
"4","Subtitles/subtitles_tt14700948.txt","2","4","Films (Non-English)",7,"Friendzone",35,14700948,52,11,25,0,1,5.9,88,"1",0,0,0,0,1,0,0,0,0,0,0,0,0,0,0,0,0,0,0,0,0,1,0,0,0,0,0,0,0,0,0,0,0,0
"4","Subtitles/subtitles_tt12748300.txt","2","4","Films (Non-English)",5,"Forever Rich",7,12748300,52,14,18,0,9,5.5,89,"1",0,1,0,0,0,0,0,0,0,0,0,1,1,0,0,0,0,0,0,0,0,1,0,0,1,0,0,0,0,0,0,0,0,0
"1","Subtitles/subtitles_tt1433108.txt","5","3","Films (English)",8,"Faster",14,1433108,44,190,224,2.4e+07,25,6.4,98,"1",0,1,0,0,0,0,0,0,0,1,0,1,1,0,0,0,0,0,0,0,0,0,0,0,0,0,0,0,0,0,0,0,0,0
"2","Subtitles/subtitles_tt7737528.txt","1","6","Films (English)",8,"Kate",28,7737528,47,130,589,0,12,6.2,106,"1",0,1,0,0,0,0,0,0,0,1,1,1,1,0,0,0,0,0,0,0,0,0,0,0,0,0,0,0,0,0,0,0,0,0
"2","Subtitles/subtitles_tt0790724.txt","1","6","Films (English)",9,"Jack Reacher",7,790724,50,415,636,6e+07,31,7,130,"1",0,0,0,0,0,0,0,0,0,1,0,1,0,1,0,0,0,0,0,0,0,0,0,0,0,0,0,0,0,0,0,0,0,0
"4","Subtitles/subtitles_tt21059520.txt","2","4","Films (English)",8,"Girl in the Picture",21,21059520,52,27,107,0,2,7.2,101,"1",0,0,0,0,0,0,0,0,1,0,0,0,1,1,0,0,0,0,0,0,0,0,0,0,0,0,0,0,0,0,0,0,0,0
"1","Subtitles/subtitles_tt12676006.txt","5","3","Films (English)",10,"Borrego",7,12676006,52,18,43,0,4,5.4,102,"1",0,0,0,0,0,0,0,0,0,0,0,0,0,0,0,0,0,0,0,1,0,0,0,0,0,0,0,0,0,0,0,0,0,0
"4","Subtitles/subtitles_tt4590256.txt","2","4","Films (English)",4,"He's All That",21,4590256,36,58,866,0,14,4.4,88,"1",0,0,0,0,1,0,0,0,0,0,0,0,0,0,0,0,0,0,0,0,0,1,0,0,0,0,0,0,0,0,0,0,0,0
"1","Subtitles/subtitles_tt20420316.txt","3","3","Films (Non-English)",9,"Gladbeck: The Hostage Crisis",7,20420316,52,10,25,0,1,7.5,91,"1",0,0,0,0,0,0,0,0,1,0,0,0,1,0,0,0,0,0,0,0,0,0,0,0,0,0,0,0,0,0,0,0,0,0
"1","Subtitles/subtitles_tt6467266.txt","3","3","Films (English)",10,"Sing 2",56,6467266,49,122,422,8.5e+07,39,7.4,110,"1",0,0,1,0,0,0,0,0,0,0,1,0,0,0,1,1,1,0,0,0,0,0,0,0,0,0,0,0,0,0,0,0,0,0
"1","Subtitles/subtitles_tt3758814.txt","5","3","Films (English)",4,"The Ice Road",14,3758814,42,119,979,0,15,5.6,109,"1",0,0,0,0,0,0,0,0,0,1,1,1,0,0,0,0,0,0,0,0,0,0,0,0,0,0,0,0,0,0,0,0,0,0
"4","Subtitles/subtitles_tt5177088.txt","2","4","Films (English)",8,"The Girl in the Spider's Web",7,5177088,43,209,492,4.3e+07,25,6.1,115,"1",0,1,0,0,0,0,0,0,0,1,0,1,1,0,0,0,0,0,0,0,0,0,0,0,0,0,0,0,0,0,0,0,0,0
"3","Subtitles/subtitles_tt15686024.txt","4","5","Films (Non-English)",5,"Togo",7,15686024,52,8,5,0,1,5.3,92,"1",0,1,0,0,0,0,0,0,0,0,0,1,0,0,0,0,0,1,0,0,0,0,0,0,0,0,0,0,0,0,0,0,0,0
"3","Subtitles/subtitles_tt8385474.txt","4","3","Films (English)",9,"A Dog's Journey",14,8385474,43,63,195,1.6e+07,16,7.4,109,"1",1,1,1,0,0,0,1,0,0,0,0,0,0,0,0,1,0,0,0,0,0,0,0,0,0,0,0,0,0,0,0,0,0,0
"1","Subtitles/subtitles_tt18258584.txt","3","2","Films (English)",10,"Jackass 4.5",21,18258584,52,6,65,0,17,6.5,90,"1",0,0,0,0,0,0,0,0,0,1,0,0,0,0,0,1,0,0,0,0,0,0,0,0,0,1,0,0,0,0,0,0,0,0
"3","Subtitles/subtitles_tt18970380.txt","4","5","Films (Non-English)",7,"The Taming of the Shrewd",21,18970380,52,5,7,0,4,4.5,112,"1",0,0,0,0,1,0,0,0,0,0,0,0,0,0,0,0,0,0,0,0,0,1,0,0,0,0,0,0,0,0,0,0,0,0
"4","Subtitles/subtitles_tt16301388.txt","2","4","Films (English)",8,"Death to 2021",7,16301388,52,16,166,0,14,6.3,60,"1",0,0,0,0,0,0,0,0,0,0,0,0,0,0,0,0,0,0,0,0,0,1,0,0,0,0,0,0,0,0,0,0,0,0
"3","Subtitles/subtitles_tt5343008.txt","4","5","Films (Non-English)",7,"Amandla",21,5343008,52,9,17,521624.696991939,7,5.6,106,"1",0,1,0,0,0,0,0,0,0,0,0,0,0,0,0,0,0,1,0,0,0,0,0,0,0,0,0,0,0,0,0,0,0,0
"2","Subtitles/subtitles_tt4425200.txt","1","6","Films (English)",5,"John Wick: Chapter 2",7,4425200,75,486,987,4e+07,35,7.4,122,"1",0,0,0,0,0,0,0,0,0,1,0,1,1,0,0,0,0,0,0,0,0,0,0,0,0,0,0,0,0,0,0,0,0,0
"4","Subtitles/subtitles_tt10187208.txt","2","1","Films (English)",10,"A Boy Called Christmas",35,10187208,61,59,188,0,11,6.7,106,"1",1,1,1,0,0,0,1,0,0,0,0,0,0,0,0,0,0,0,0,0,0,0,0,0,0,0,0,0,0,0,0,0,0,0
"3","Subtitles/subtitles_tt1679335.txt","3","5","Films (English)",8,"Trolls",7,1679335,55,186,236,1.25e+08,21,6.4,92,"1",0,0,1,0,1,0,1,0,0,0,1,0,0,0,1,1,1,0,0,0,0,0,0,0,0,0,0,0,0,0,0,0,0,0
"1","Subtitles/subtitles_tt11316680.txt","5","3","Films (English)",7,"Trees of Peace",7,11316680,52,17,49,0,7,6.4,97,"1",0,0,0,0,0,1,0,0,0,0,0,0,0,0,0,0,0,0,0,0,0,0,0,0,0,0,0,0,0,0,0,0,0,0
"4","Subtitles/subtitles_tt19034522.txt","2","4","Films (English)",3,"White Hot: The Rise & Fall of Abercrombie & Fitch",7,19034522,48,25,100,0,22,5.7,88,"1",0,0,0,0,0,0,0,0,1,0,0,0,0,0,0,0,0,0,0,0,0,0,0,0,0,0,0,0,0,0,0,0,0,0
"1","Subtitles/subtitles_tt6714432.txt","3","2","Films (English)",6,"The Loud House Movie",21,6714432,52,11,59,0,22,6.1,83,"1",0,0,1,0,0,0,0,0,0,0,1,0,0,0,1,1,1,0,0,0,0,0,0,0,0,0,0,0,0,0,0,0,0,0
"2","Subtitles/subtitles_tt11116374.txt","2","4","Films (Non-English)",2,"Don't Kill Me",7,11116374,52,24,40,0,7,4.3,90,"1",0,0,0,0,1,0,0,0,0,0,0,0,0,0,0,0,0,0,1,0,0,0,0,0,0,0,1,0,0,0,0,0,0,0
"4","Subtitles/subtitles_tt5562070.txt","2","1","Films (English)",9,"Wish Dragon",35,5562070,59,52,183,0,19,7.2,98,"1",0,0,1,0,1,0,1,0,0,0,1,0,0,0,1,1,0,0,0,0,0,0,0,0,0,0,0,0,0,0,0,0,0,0
"2","Subtitles/subtitles_tt11514780.txt","1","6","Films (English)",1,"Choose or Die",14,11514780,43,108,284,0,7,4.8,84,"1",0,0,0,0,0,1,0,0,0,0,0,1,0,0,0,0,0,0,1,0,0,0,0,0,0,0,0,0,0,0,0,0,0,0
"4","Subtitles/subtitles_tt0113277.txt","2","4","Films (English)",7,"Heat",7,113277,76,216,1200,6e+07,42,8.3,170,"1",0,1,0,0,0,0,0,0,0,1,0,0,1,0,0,0,0,0,0,0,0,0,0,0,0,0,0,0,0,0,0,0,0,0
"2","Subtitles/subtitles_tt11698662.txt","1","6","Films (Non-English)",3,"Sounds Like Love",14,11698662,52,21,10,0,7,5.4,110,"1",0,0,0,0,1,0,0,0,0,0,0,0,0,0,0,0,0,0,0,0,0,1,0,0,1,0,0,0,0,0,0,0,0,0
"2","Subtitles/subtitles_tt11698662.txt","1","3","Films (Non-English)",3,"Sounds Like Love",14,11698662,52,21,10,0,7,5.4,110,"1",0,0,0,0,1,0,0,0,0,0,0,0,0,0,0,0,0,0,0,0,0,1,0,0,1,0,0,0,0,0,0,0,0,0
"2","Subtitles/subtitles_tt11698662.txt","5","6","Films (Non-English)",3,"Sounds Like Love",14,11698662,52,21,10,0,7,5.4,110,"1",0,0,0,0,1,0,0,0,0,0,0,0,0,0,0,0,0,0,0,0,0,1,0,0,1,0,0,0,0,0,0,0,0,0
"2","Subtitles/subtitles_tt11698662.txt","5","3","Films (Non-English)",3,"Sounds Like Love",14,11698662,52,21,10,0,7,5.4,110,"1",0,0,0,0,1,0,0,0,0,0,0,0,0,0,0,0,0,0,0,0,0,1,0,0,1,0,0,0,0,0,0,0,0,0
"1","Subtitles/subtitles_tt11698662.txt","1","6","Films (Non-English)",3,"Sounds Like Love",14,11698662,52,21,10,0,7,5.4,110,"1",0,0,0,0,1,0,0,0,0,0,0,0,0,0,0,0,0,0,0,0,0,1,0,0,1,0,0,0,0,0,0,0,0,0
"1","Subtitles/subtitles_tt11698662.txt","1","3","Films (Non-English)",3,"Sounds Like Love",14,11698662,52,21,10,0,7,5.4,110,"1",0,0,0,0,1,0,0,0,0,0,0,0,0,0,0,0,0,0,0,0,0,1,0,0,1,0,0,0,0,0,0,0,0,0
"1","Subtitles/subtitles_tt11698662.txt","5","6","Films (Non-English)",3,"Sounds Like Love",14,11698662,52,21,10,0,7,5.4,110,"1",0,0,0,0,1,0,0,0,0,0,0,0,0,0,0,0,0,0,0,0,0,1,0,0,1,0,0,0,0,0,0,0,0,0
"1","Subtitles/subtitles_tt11698662.txt","5","3","Films (Non-English)",3,"Sounds Like Love",14,11698662,52,21,10,0,7,5.4,110,"1",0,0,0,0,1,0,0,0,0,0,0,0,0,0,0,0,0,0,0,0,0,1,0,0,1,0,0,0,0,0,0,0,0,0
"4","Subtitles/subtitles_tt10127684.txt","2","4","Films (Non-English)",9,"Rogue City",14,10127684,52,27,87,0,14,6.1,116,"1",0,1,0,0,0,0,0,0,0,1,0,1,1,0,0,0,0,0,0,0,0,0,0,0,0,0,0,0,0,0,0,0,0,0
"2","Subtitles/subtitles_tt0328107.txt","1","6","Films (English)",9,"Man on Fire",21,328107,47,158,873,7e+07,24,7.7,146,"1",0,1,0,0,0,0,0,0,0,1,0,1,1,0,0,0,0,0,0,0,0,0,0,0,0,0,0,0,0,0,0,0,0,0
"1","Subtitles/subtitles_tt13161356.txt","3","2","Films (Non-English)",4,"Love Me Instead",14,13161356,52,9,20,0,8,7,124,"1",0,0,0,0,0,1,0,0,0,0,0,0,0,0,0,0,0,0,0,0,0,0,0,0,0,0,0,0,0,0,0,0,0,0
"1","Subtitles/subtitles_tt0425123.txt","3","2","Films (English)",8,"Just Like Heaven",7,425123,47,120,337,5.8e+07,20,6.7,95,"1",0,1,0,0,1,0,1,0,0,0,0,0,0,0,0,0,0,0,0,0,0,1,0,0,0,0,0,0,0,0,0,0,0,0
"3","Subtitles/subtitles_tt2101341.txt","4","1","Films (English)",9,"Dead Man Down",14,2101341,39,220,166,3e+07,27,6.4,118,"1",0,1,0,0,0,0,0,0,0,1,0,1,1,0,0,0,0,0,0,0,0,0,0,0,0,0,0,0,0,0,0,0,0,0
"1","Subtitles/subtitles_tt13057626.txt","5","3","Films (Non-English)",8,"Child of Kamiari Month",7,13057626,52,11,11,4645782.32651487,10,5.8,99,"1",0,1,1,0,0,0,1,0,0,0,1,0,0,1,1,0,0,0,0,0,0,0,0,0,0,0,0,0,0,0,0,0,0,0
"1","Subtitles/subtitles_tt1489889.txt","3","2","Films (English)",9,"Central Intelligence",14,1489889,52,242,285,5e+07,29,6.3,107,"1",0,0,0,0,0,0,0,0,0,1,0,0,1,0,0,1,0,0,0,0,0,0,0,0,0,0,0,0,0,0,0,0,0,0
"4","Subtitles/subtitles_tt8150814.txt","2","4","Films (English)",5,"There's Someone Inside Your House",14,8150814,45,85,258,0,15,4.8,96,"1",0,0,0,0,0,0,0,0,0,0,0,1,0,1,0,0,0,0,0,0,0,0,0,0,0,0,0,1,0,0,0,0,0,0
"1","Subtitles/subtitles_tt0298148.txt","3","2","Films (English)",9,"Shrek 2",21,298148,75,192,626,1.5e+08,33,7.3,93,"1",0,0,1,0,1,0,1,0,0,0,1,0,0,0,1,1,0,0,0,0,0,0,0,0,0,0,0,0,0,0,0,0,0,0
"1","Subtitles/subtitles_tt14592064.txt","5","3","Films (English)",5,"Home Team",21,14592064,23,40,151,0,13,6,95,"1",0,0,0,0,0,0,0,0,0,0,0,0,0,0,0,0,0,0,0,0,0,1,0,1,0,0,0,0,0,0,0,0,0,0
"4","Subtitles/subtitles_tt0397535.txt","4","1","Films (English)",5,"Memoirs of a Geisha",7,397535,54,214,642,8.5e+07,37,7.3,145,"1",0,0,0,0,1,1,0,0,0,0,0,0,0,0,0,0,0,0,0,0,0,0,0,0,0,0,0,0,0,0,0,0,0,0
"4","Subtitles/subtitles_tt12735338.txt","2","4","Films (Non-English)",10,"Words Bubble Up Like Soda Pop",7,12735338,52,12,42,0,8,6.8,87,"1",0,1,0,0,1,0,0,0,0,0,0,0,0,0,1,0,0,0,0,0,0,0,0,0,1,0,0,0,0,0,0,0,0,0
"3","Subtitles/subtitles_tt19637852.txt","4","5","Films (English)",9,"Halftime",14,19637852,63,20,100,0,24,6.6,95,"1",0,0,0,0,0,0,0,0,1,0,0,0,0,0,0,0,0,0,0,0,0,0,0,0,1,0,0,0,1,0,0,0,0,0
"4","Subtitles/subtitles_tt16085592.txt","2","1","Films (English)",7,"Tall Girl 2",21,16085592,35,18,66,24400000,9,4.7,97,"1",0,1,1,0,1,0,0,0,0,0,0,0,0,0,0,0,0,0,0,0,0,1,0,0,0,0,0,0,0,0,0,0,0,0
"1","Subtitles/subtitles_tt2386490.txt","5","3","Films (English)",8,"How to Train Your Dragon: The Hidden World",7,2386490,71,223,713,1.29e+08,17,7.4,104,"1",0,0,1,0,0,0,1,0,0,0,1,0,0,0,1,1,0,0,0,0,0,0,0,0,0,0,0,0,0,1,0,0,0,0
"1","Subtitles/subtitles_tt11692986.txt","3","2","Films (Non-English)",9,"Fierce",14,11692986,52,8,11,0,3,5.5,118,"1",0,0,0,0,0,0,0,0,0,0,0,0,0,0,0,0,0,0,0,0,0,1,0,0,1,0,0,0,0,0,0,0,0,0
"1","Subtitles/subtitles_tt0373074.txt","3","2","Films (Non-English)",8,"Kung Fu Hustle",14,373074,78,372,468,2e+07,14,7.7,99,"1",0,0,0,0,0,0,1,0,0,1,0,0,0,0,0,1,0,0,0,0,0,0,0,0,0,0,0,0,0,0,0,0,0,0
"4","Subtitles/subtitles_tt14766956.txt","5","3","Films (Non-English)",8,"Godspeed",7,14766956,52,9,45,0,6,6.5,119,"1",0,0,0,0,0,1,0,0,0,0,0,0,0,0,0,0,0,0,0,0,0,0,0,0,0,0,0,0,0,0,0,0,0,0
"3","Subtitles/subtitles_tt9742794.txt","3","2","Films (English)",5,"The Vault",21,9742794,50,74,279,0,14,6.4,118,"1",0,0,0,0,0,0,0,0,0,1,1,1,0,0,0,0,0,0,0,0,0,0,0,0,0,0,0,0,0,0,0,0,0,0
"1","Subtitles/subtitles_tt18563148.txt","5","3","Films (English)",3,"Silverton Siege",14,18563148,52,29,47,0,7,6.3,100,"1",0,1,0,0,0,0,0,0,0,1,0,1,1,0,0,0,0,0,0,0,0,0,0,0,0,0,0,0,0,0,0,0,0,0
"1","Subtitles/subtitles_tt13314558.txt","3","2","Films (English)",6,"Day Shift",28,13314558,51,127,595,1e+08,13,6.1,113,"1",0,0,0,0,0,0,1,0,0,1,0,1,0,0,0,1,0,0,1,0,0,0,0,0,0,0,0,0,0,0,0,0,0,0
"3","Subtitles/subtitles_tt10715446.txt","3","2","Films (English)",5,"Yakuza Princess",7,10715446,34,53,49,0,9,4.7,111,"1",0,0,0,0,0,0,0,0,0,0,0,0,0,0,0,0,0,0,0,1,0,0,0,0,0,0,0,0,0,0,0,0,0,0
"1","Subtitles/subtitles_tt1206885.txt","3","2","Films (English)",8,"Rambo: Last Blood",7,1206885,26,264,1700,5e+07,14,6.1,89,"1",0,0,0,0,0,0,0,0,0,1,0,1,1,0,0,0,0,0,0,0,0,0,0,0,0,0,0,0,0,0,0,0,0,0
"1","Subtitles/subtitles_tt8009744.txt","5","3","Films (English)",3,"Worth",14,8009744,67,86,106,0,22,6.8,118,"1",0,1,0,1,0,0,0,0,0,0,0,0,0,0,0,0,0,0,0,0,0,0,0,0,0,0,0,0,0,0,1,0,0,0
"4","Subtitles/subtitles_tt1637688.txt","2","4","Films (English)",6,"In Time",7,1637688,53,366,666,4e+07,37,6.7,109,"1",0,0,0,0,0,0,0,1,0,1,0,1,0,0,0,0,0,0,0,0,0,0,0,0,0,0,0,0,0,0,0,0,0,0
"1","Subtitles/subtitles_tt1375670.txt","3","2","Films (English)",7,"Grown Ups",14,1375670,30,180,432,8e+07,31,5.9,102,"1",0,0,0,0,0,0,0,0,0,0,0,0,0,0,0,0,0,0,0,0,0,1,0,0,0,0,0,0,0,0,0,0,0,0
"1","Subtitles/subtitles_tt1649418.txt","5","3","Films (English)",9,"The Gray Man",42,1649418,49,207,2200,2e+08,31,6.5,122,"1",0,0,0,0,0,0,0,0,0,1,0,1,0,0,0,0,0,0,0,0,0,0,0,0,0,0,0,0,0,0,0,0,0,0
"1","Subtitles/subtitles_tt19034332.txt","5","3","Films (English)",7,"The Mystery of Marilyn Monroe: The Unheard Tapes",14,19034332,38,23,54,0,13,6.2,101,"1",0,0,0,0,0,0,0,0,1,0,0,0,0,0,0,0,0,0,0,0,0,0,0,0,0,0,0,0,0,0,0,0,0,0
"3","Subtitles/subtitles_tt2170593.txt","4","5","Films (English)",7,"St. Vincent",7,2170593,64,275,245,1.3e+07,29,7.2,102,"1",0,1,0,0,0,0,0,0,0,0,0,0,0,0,0,0,0,0,0,0,0,1,0,0,0,0,0,0,0,0,0,0,0,0
"4","Subtitles/subtitles_tt13350858.txt","4","1","Films (Non-English)",6,"Battle: Freestyle",7,13350858,52,10,NA,0,3,4.5,88,"1",0,0,0,0,1,1,0,0,0,0,0,0,0,0,0,0,0,0,0,0,0,0,0,0,1,0,0,0,0,0,0,0,0,0
"4","Subtitles/subtitles_tt11658120.txt","2","4","Films (Non-English)",9,"Xtreme",21,11658120,52,31,82,0,13,5.8,111,"1",0,1,0,0,0,0,0,0,0,1,0,0,1,0,0,0,0,0,0,0,0,0,0,0,0,0,0,0,0,0,0,0,0,0
"2","Subtitles/subtitles_tt6320628.txt","1","6","Films (English)",6,"Spider-Man: Far from Home",14,6320628,69,445,2300,1.6e+08,33,7.4,129,"1",0,0,0,0,0,0,0,1,0,1,1,0,0,0,0,0,0,0,0,0,0,0,0,0,0,0,0,0,0,0,0,0,0,0
"1","Subtitles/subtitles_tt12908110.txt","3","2","Films (English)",2,"Mr. Harrigan's Phone",7,12908110,55,72,167,0,9,6,104,"1",0,0,0,0,0,1,0,0,0,0,0,0,0,1,0,0,0,0,1,0,0,0,0,0,0,0,0,0,0,0,0,0,0,0
"3","Subtitles/subtitles_tt5254610.txt","4","5","Films (English)",4,"Final Score",7,5254610,53,59,209,2e+07,26,5.8,104,"1",0,1,0,0,0,0,0,0,0,1,0,1,0,0,0,0,0,0,0,0,0,0,0,0,0,0,0,0,0,0,0,0,0,0
"1","Subtitles/subtitles_tt15807910.txt","3","2","Films (English)",4,"I Used to Be Famous",7,15807910,52,21,52,0,8,6.6,104,"1",0,1,0,0,0,0,0,0,0,0,0,0,0,0,0,0,0,0,0,0,0,1,0,0,1,0,0,0,0,0,0,0,0,0
"2","Subtitles/subtitles_tt14915608.txt","5","6","Films (Non-English)",6,"Captain Nova",14,14915608,52,12,41,0,11,5.5,86,"1",1,0,1,0,0,0,0,1,0,0,0,0,0,0,0,0,0,0,0,0,0,0,0,0,0,0,0,0,0,0,0,0,0,0
"4","Subtitles/subtitles_tt13349716.txt","2","4","Films (Non-English)",4,"Shyam Singha Roy",14,13349716,52,8,203,0,10,7.7,155,"1",0,0,0,0,1,1,0,0,0,0,0,0,0,0,0,0,0,0,0,0,0,0,0,0,0,0,0,0,0,0,0,0,0,0
"1","Subtitles/subtitles_tt0120873.txt","3","2","Films (English)",8,"U.S. Marshals",14,120873,47,67,175,6e+07,25,6.5,131,"1",0,0,0,0,0,0,0,0,0,1,0,1,1,0,0,0,0,0,0,0,0,0,0,0,0,0,0,0,0,0,0,0,0,0
"1","Subtitles/subtitles_tt0063962.txt","5","3","Films (Non-English)",9,"UFO",14,63962,52,16,81,0,6,7.9,45,"1",0,0,0,0,0,0,0,1,0,1,0,0,0,0,0,0,0,0,0,0,0,0,0,0,0,0,0,0,0,0,0,0,0,0
"1","Subtitles/subtitles_tt21339860.txt","5","3","Films (Non-English)",9,"Heartsong",7,21339860,52,13,12,0,9,5.8,95,"1",0,1,0,0,1,0,0,0,0,0,0,0,0,0,0,0,0,0,0,0,0,1,0,0,1,0,0,0,0,0,0,0,0,0
"4","Subtitles/subtitles_tt0245712.txt","2","4","Films (Non-English)",10,"Amores perros",7,245712,83,154,420,2e+06,17,8.1,154,"1",0,0,0,0,0,1,0,0,0,0,0,1,0,0,0,0,0,0,0,0,0,0,0,0,0,0,0,0,0,0,0,0,0,0
"4","Subtitles/subtitles_tt5301942.txt","4","1","Films (Non-English)",9,"Jersey",21,5301942,52,14,215,3793905.27475217,7,7.3,170,"1",0,0,0,0,0,1,0,0,0,0,0,0,0,0,0,0,0,0,0,0,0,0,0,1,0,0,0,0,0,0,0,0,0,0
"3","Subtitles/subtitles_tt1464335.txt","4","5","Films (English)",8,"Uncharted",21,1464335,45,264,1600,1.2e+08,18,6.3,116,"1",0,0,0,0,0,0,0,0,0,1,1,0,0,0,0,0,0,0,0,0,0,0,0,0,0,0,0,0,0,0,0,0,0,0
"3","Subtitles/subtitles_tt10872600.txt","4","5","Films (English)",7,"Spider-Man: No Way Home",7,10872600,71,412,6100,2e+08,31,8.3,148,"1",0,0,0,0,0,0,1,1,0,1,1,0,0,0,0,0,0,0,0,0,0,0,0,0,0,0,0,0,0,0,0,0,0,0
"4","Subtitles/subtitles_tt1345836.txt","2","4","Films (English)",10,"The Dark Knight Rises",7,1345836,78,567,3700,2.5e+08,103,8.4,164,"1",0,1,0,0,0,0,0,0,0,1,0,0,0,0,0,0,0,0,0,0,0,0,0,0,0,0,0,0,0,0,0,0,0,0
"1","Subtitles/subtitles_tt1323594.txt","3","2","Films (English)",9,"Despicable Me",28,1323594,72,193,423,6.9e+07,43,7.6,95,"1",0,0,1,0,0,0,0,1,0,0,1,0,1,0,1,1,0,0,0,0,0,0,0,0,0,0,0,0,0,0,0,0,0,0
"2","Subtitles/subtitles_tt1961175.txt","1","6","Films (English)",5,"American Assassin",7,1961175,45,226,509,3.3e+07,27,6.2,111,"1",0,0,0,0,0,0,0,0,0,1,0,1,0,0,0,0,0,0,0,0,0,0,0,0,0,0,0,0,0,0,0,0,0,0
"3","Subtitles/subtitles_tt12663250.txt","4","5","Films (Non-English)",6,"Yaksha: Ruthless Operations",28,12663250,52,19,39,0,9,6.2,125,"1",0,0,0,0,0,0,0,0,0,1,0,1,1,0,0,0,0,0,0,0,0,0,0,0,0,0,0,0,0,0,0,0,0,0
"4","Subtitles/subtitles_tt15238986.txt","2","4","Films (Non-English)",4,"Plan A Plan B",14,15238986,52,9,27,0,5,4.7,105,"1",0,0,0,0,1,0,0,0,0,0,0,0,0,0,0,0,0,0,0,0,0,1,0,0,0,0,0,0,0,0,0,0,0,0
"4","Subtitles/subtitles_tt11819890.txt","2","4","Films (English)",6,"Pokémon the Movie: Secrets of the Jungle",14,11819890,52,8,23,0,5,6.4,99,"1",0,0,1,0,0,0,1,0,0,0,1,0,0,0,1,0,0,0,0,0,0,0,0,0,0,0,0,0,0,1,0,0,0,0
"1","Subtitles/subtitles_tt14227972.txt","3","2","Films (Non-English)",10,"Love Like the Falling Petals",7,14227972,52,18,8,0,1,6.4,128,"1",0,0,0,0,1,1,0,0,0,0,0,0,0,0,0,0,0,0,0,0,0,0,0,0,0,0,0,0,0,0,0,0,0,0
"3","Subtitles/subtitles_tt10687220.txt","4","5","Films (Non-English)",9,"Nikamma",7,10687220,52,6,33,0,3,2.6,152,"1",0,1,0,0,0,0,0,0,0,1,0,0,0,0,0,1,0,0,0,0,0,0,0,0,0,0,0,0,0,0,0,0,0,0
"1","Subtitles/subtitles_tt13079150.txt","5","3","Films (Non-English)",8,"Spoiled Brats",28,13079150,52,20,31,5900000,6,6,95,"1",0,0,0,0,0,0,0,0,0,0,0,0,0,0,0,0,0,0,0,0,0,1,0,0,0,0,0,0,0,0,0,0,0,0
"3","Subtitles/subtitles_tt15114768.txt","4","5","Films (English)",5,"Wedding Season",14,15114768,52,11,6,0,10,6.6,NA,"1",0,0,0,0,1,0,0,0,0,1,1,1,1,0,0,1,0,0,0,0,0,0,0,0,0,0,0,0,0,0,0,0,0,0
"3","Subtitles/subtitles_tt21836538.txt","3","2","Films (Non-English)",6,"The Figo Affair: The Transfer that Changed Football",14,21836538,52,3,20,0,0,7.1,105,"1",0,0,0,0,0,0,0,0,1,0,0,0,0,0,0,0,0,0,0,0,0,0,0,1,0,0,0,0,0,0,0,0,0,0
"3","Subtitles/subtitles_tt3470600.txt","4","5","Films (English)",7,"Sing",7,3470600,59,246,347,7.5e+07,39,7.1,108,"1",0,0,1,0,0,0,0,0,0,0,0,0,0,0,1,1,1,0,0,0,0,0,0,0,0,0,0,0,0,0,0,0,0,0
"2","Subtitles/subtitles_tt0145487.txt","1","6","Films (English)",10,"Spider-Man",7,145487,73,330,2300,1.39e+08,64,7.4,121,"1",0,0,0,0,0,0,0,1,0,1,1,0,0,0,0,0,0,0,0,0,0,0,0,0,0,0,0,0,0,0,0,0,0,0
"2","Subtitles/subtitles_tt15006754.txt","1","6","Films (Non-English)",4,"Under Her Control",14,15006754,52,13,13,0,4,4.7,109,"1",0,0,0,0,0,1,0,0,0,0,0,0,0,0,0,0,0,0,0,0,0,0,0,0,0,0,0,0,0,0,0,0,0,0
"2","Subtitles/subtitles_tt0250797.txt","1","6","Films (English)",6,"Unfaithful",7,250797,63,91,592,5e+07,18,6.7,124,"1",0,0,0,0,1,1,0,0,0,0,0,1,0,0,0,0,0,0,0,0,0,0,0,0,0,0,0,0,0,0,0,0,0,0
"1","Subtitles/subtitles_tt15022184.txt","5","3","Films (Non-English)",8,"Royalteen",21,15022184,52,22,19,0,6,5.2,107,"1",0,0,0,0,1,1,0,0,0,0,0,0,0,0,0,0,0,0,0,0,0,0,0,0,0,0,0,0,0,0,0,0,0,0
"4","Subtitles/subtitles_tt0884328.txt","2","4","Films (English)",8,"The Mist",14,884328,58,355,1300,1.8e+07,22,7.1,126,"1",0,0,0,0,0,0,0,1,0,0,0,1,0,0,0,0,0,0,0,0,0,0,0,0,0,0,0,1,0,0,0,0,0,0
"1","Subtitles/subtitles_tt0878804.txt","3","2","Films (English)",5,"The Blind Side",14,878804,53,270,586,2.9e+07,26,7.6,129,"1",0,1,0,0,0,0,0,0,0,0,0,0,0,0,0,0,0,0,0,0,0,0,0,1,0,0,0,0,0,0,1,0,0,0
"3","Subtitles/subtitles_tt14174940.txt","3","2","Films (English)",5,"Interceptor",21,14174940,51,70,902,1.5e+07,15,4.6,99,"1",0,1,0,0,0,0,0,0,0,1,1,1,0,0,0,0,0,0,0,0,0,0,0,0,0,0,0,0,0,0,0,0,0,0
"3","Subtitles/subtitles_tt3503406.txt","4","5","Films (Non-English)",7,"The Whole Truth",35,3503406,46,57,145,0,11,6.2,93,"1",0,1,0,0,0,0,0,0,0,0,0,1,0,1,0,0,0,1,0,0,0,0,0,0,0,0,0,0,0,0,0,0,0,0
"4","Subtitles/subtitles_tt2381991.txt","2","4","Films (English)",10,"The Huntsman: Winter's War",7,2381991,35,287,234,1.15e+08,18,6.1,114,"1",0,1,0,0,0,0,1,0,0,1,1,0,0,0,0,0,0,0,0,0,0,0,0,0,0,0,0,0,0,0,0,0,0,0
"3","Subtitles/subtitles_tt10083340.txt","4","5","Films (Non-English)",6,"Gangubai Kathiawadi",42,10083340,52,41,876,0,13,7,152,"1",0,1,0,0,0,0,0,0,0,0,0,0,1,0,0,0,0,0,0,0,0,0,0,0,0,0,0,0,0,0,1,0,0,0
"1","Subtitles/subtitles_tt9531772.txt","5","3","Films (Non-English)",10,"Sooryavanshi",35,9531772,52,17,4700,0,19,6.1,145,"1",0,0,0,0,0,0,0,0,0,1,0,1,1,0,0,0,0,0,0,0,0,0,0,0,0,0,0,0,0,0,0,0,0,0
"3","Subtitles/subtitles_tt11081050.txt","4","1","Films (Non-English)",7,"Enforcement",7,11081050,64,66,53,0,9,6.5,108,"1",0,1,0,0,0,0,0,0,0,1,0,1,1,0,0,0,0,0,0,0,0,0,0,0,0,0,0,0,0,0,0,0,0,0
"4","Subtitles/subtitles_tt13510660.txt","2","4","Films (Non-English)",9,"Dhamaka",21,13510660,52,24,1100,0,10,7.1,103,"1",0,1,0,0,0,0,0,0,0,0,0,1,0,0,0,0,0,1,0,0,0,0,0,0,0,0,0,0,0,0,0,0,0,0
"4","Subtitles/subtitles_tt13377488.txt","2","4","Films (Non-English)",4,"In for a Murder",14,13377488,52,11,30,0,13,5.4,105,"1",0,0,0,0,0,0,0,0,0,0,0,1,0,0,0,0,0,0,0,0,0,1,0,0,0,0,0,0,0,0,0,0,0,0
"2","Subtitles/subtitles_tt21916206.txt","1","6","Films (Non-English)",2,"The Perfumier",14,21916206,52,16,8,0,4,3.6,96,"1",0,1,0,0,0,0,0,0,0,0,0,1,0,1,0,0,0,1,0,0,0,0,0,0,0,0,0,0,0,0,0,0,0,0
"1","Subtitles/subtitles_tt7991608.txt","5","3","Films (English)",10,"Red Notice",98,7991608,37,200,1800,1.6e+08,23,6.3,118,"1",0,0,0,0,0,0,0,0,0,1,0,1,0,0,0,1,0,0,0,0,0,0,0,0,0,0,0,0,0,0,0,0,0,0
"3","Subtitles/subtitles_tt12829958.txt","4","1","Films (English)",5,"The Old Ways",7,12829958,67,64,124,0,5,5.4,90,"1",0,0,0,0,0,1,1,0,0,0,0,1,0,0,0,0,0,0,1,0,0,0,0,0,0,0,0,0,0,0,0,0,0,0
"3","Subtitles/subtitles_tt13606090.txt","3","2","Films (Non-English)",8,"A Perfect Fit",21,13606090,52,9,12,0,8,5.4,112,"1",0,1,0,0,1,0,0,0,0,0,0,0,0,0,0,0,0,0,0,0,0,1,0,0,0,0,0,0,0,0,0,0,0,0
"2","Subtitles/subtitles_tt3963816.txt","1","6","Films (English)",8,"Marauders",14,3963816,42,44,162,1.5e+07,24,5.5,107,"1",0,0,0,0,0,0,0,0,0,1,0,1,1,0,0,0,0,0,0,0,0,0,0,0,0,0,0,0,0,0,0,0,0,0
"3","Subtitles/subtitles_tt3662308.txt","3","2","Films (Non-English)",10,"Belzebuth",14,3662308,52,41,52,3600000,12,6,114,"1",0,0,0,0,0,0,0,0,0,0,0,0,0,0,0,0,0,0,0,0,0,0,0,0,0,0,0,1,0,0,0,0,0,0
"4","Subtitles/subtitles_tt7547410.txt","4","1","Films (English)",7,"Dora and the Lost City of Gold",7,7547410,63,137,325,4.9e+07,22,6.1,102,"1",0,0,1,0,0,0,1,0,0,1,1,0,0,1,0,1,0,0,0,0,0,0,0,0,0,0,0,0,0,0,0,0,0,0
"2","Subtitles/subtitles_tt13446168.txt","1","6","Films (Non-English)",10,"The Medium",7,13446168,52,78,161,0,3,6.5,130,"1",0,0,0,0,0,0,0,0,0,0,0,0,0,0,0,0,0,0,0,0,0,0,0,0,0,0,0,1,0,0,0,0,0,0
"4","Subtitles/subtitles_tt3697626.txt","2","4","Films (Non-English)",10,"A Hard Day",7,3697626,76,96,63,0,7,7.2,111,"1",0,0,0,0,0,0,0,0,0,1,0,1,1,0,0,0,0,0,0,0,0,0,0,0,0,0,0,0,0,0,0,0,0,0
"1","Subtitles/subtitles_tt15250998.txt","3","2","Films (Non-English)",6,"Ankahi Kahaniya",7,15250998,52,11,28,0,9,5.5,110,"1",0,0,0,0,1,1,0,0,0,0,0,0,0,0,0,0,0,0,0,0,0,0,0,0,0,0,0,0,0,0,0,0,0,0
"2","Subtitles/subtitles_tt5220122.txt","1","6","Films (English)",7,"Hotel Transylvania 3: Summer Vacation",35,5220122,54,131,285,8e+07,38,6.3,97,"1",0,0,1,0,0,0,1,0,0,0,1,0,0,0,1,1,0,0,1,0,0,0,0,0,0,0,0,0,0,0,0,0,0,0
"1","Subtitles/subtitles_tt10731768.txt","5","3","Films (English)",9,"Sweet Girl",28,10731768,46,80,745,0,22,5.5,110,"1",0,1,0,0,0,0,0,0,0,1,0,1,0,0,0,0,0,0,0,0,0,0,0,0,0,0,0,0,0,0,0,0,0,0
"3","Subtitles/subtitles_tt1860353.txt","4","5","Films (English)",8,"Turbo",7,1860353,58,164,138,1.35e+08,26,6.4,96,"1",0,0,1,0,0,0,0,0,0,0,1,0,0,0,1,1,0,0,0,0,0,0,0,1,0,0,0,0,0,0,0,0,0,0
"2","Subtitles/subtitles_tt2375379.txt","1","1","Films (Non-English)",5,"One Piece Film Z",7,2375379,52,7,27,0,35,7.8,108,"1",0,0,0,0,0,0,1,0,0,0,1,0,0,0,1,0,0,0,0,0,0,0,0,0,0,0,0,0,0,1,0,0,0,0
"2","Subtitles/subtitles_tt5246700.txt","1","6","Films (English)",6,"How It Ends",28,5246700,36,60,1800,2e+07,19,5,113,"1",0,1,0,0,0,0,0,1,0,1,0,1,0,1,0,0,0,0,1,0,0,0,0,0,0,0,0,0,0,0,0,0,0,0
"2","Subtitles/subtitles_tt3799232.txt","1","1","Films (English)",7,"The Kissing Booth",7,3799232,52,37,659,0,9,5.9,105,"1",0,0,0,0,1,0,0,0,0,0,0,0,0,0,0,0,0,0,0,0,0,1,0,0,0,0,0,0,0,0,0,0,0,0
"2","Subtitles/subtitles_tt13989030.txt","1","6","Films (English)",6,"The Royal Treatment",21,13989030,36,35,196,0,7,5.2,96,"1",0,0,1,0,1,0,0,0,0,0,0,0,0,0,0,0,0,0,0,0,0,1,0,0,0,0,0,0,0,0,0,0,0,0
"3","Subtitles/subtitles_tt13276352.txt","4","5","Films (Non-English)",4,"Toscana",28,13276352,52,15,79,0,12,5.7,90,"1",0,0,0,0,1,1,0,0,0,0,0,0,0,0,0,0,0,0,0,0,0,0,0,0,0,0,0,0,0,0,0,0,0,0
"4","Subtitles/subtitles_tt0356910.txt","2","1","Films (English)",9,"Mr. & Mrs. Smith",7,356910,55,217,890,1.1e+08,30,6.5,120,"1",0,0,0,0,0,0,0,0,0,1,0,1,1,0,0,1,0,0,0,0,0,0,0,0,0,0,0,0,0,0,0,0,0,0
"3","Subtitles/subtitles_tt0278435.txt","4","5","Films (English)",7,"Enough",7,278435,25,86,274,3.8e+07,17,5.7,115,"1",0,1,0,0,0,0,0,0,0,0,0,1,0,0,0,0,0,1,0,0,0,0,0,0,0,0,0,0,0,0,0,0,0,0
"4","Subtitles/subtitles_tt21379574.txt","2","4","Films (English)",7,"Running with the Devil: The Wild World of John McAfee",7,21379574,52,9,44,0,6,5.9,105,"1",0,0,0,0,0,0,0,0,1,0,0,0,1,0,0,0,0,0,0,0,0,0,0,0,0,0,0,0,0,0,0,0,0,0
"1","Subtitles/subtitles_tt6806448.txt","3","2","Films (English)",7,"Fast & Furious Presents: Hobbs & Shaw",14,6806448,60,322,1400,2e+08,32,6.5,137,"1",0,0,0,0,0,0,0,0,0,1,1,1,0,0,0,0,0,0,0,0,0,0,0,0,0,0,0,0,0,0,0,0,0,0
"4","Subtitles/subtitles_tt2312718.txt","1","1","Films (English)",6,"Homefront",7,2312718,40,216,266,2.2e+07,22,6.5,100,"1",0,0,0,0,0,0,0,0,0,1,0,1,1,0,0,0,0,0,0,0,0,0,0,0,0,0,0,0,0,0,0,0,0,0
"2","Subtitles/subtitles_tt3367294.txt","5","3","Films (Non-English)",9,"Compadres",7,3367294,28,8,15,3e+06,18,4.8,101,"1",0,0,0,0,0,0,0,0,0,1,0,0,1,0,0,1,0,0,0,0,0,0,0,0,0,0,0,0,0,0,0,0,0,0
"3","Subtitles/subtitles_tt1025100.txt","4","5","Films (English)",8,"Gemini Man",21,1025100,38,294,1200,1.38e+08,16,5.7,117,"1",0,0,0,0,0,0,0,1,0,1,1,1,0,0,0,0,0,0,0,0,0,0,0,0,0,0,0,0,0,0,0,0,0,0
"4","Subtitles/subtitles_tt3469592.txt","1","1","Films (Non-English)",9,"Rise of the Legend",7,3469592,62,28,13,0,11,6.4,131,"1",0,1,0,0,0,0,0,0,0,1,0,0,0,0,0,0,0,0,0,0,0,0,0,0,0,0,0,0,1,0,0,0,0,0
"1","Subtitles/subtitles_tt5886046.txt","5","3","Films (English)",10,"Escape Room",7,5886046,48,243,858,9e+06,15,6.4,99,"1",0,0,0,0,0,0,0,1,0,1,1,1,0,1,0,0,0,0,1,0,0,0,0,0,0,0,0,0,0,0,0,0,0,0
"4","Subtitles/subtitles_tt11278476.txt","2","4","Films (English)",9,"Rescued by Ruby",21,11278476,52,28,119,0,8,7.2,90,"1",0,1,1,0,0,0,0,0,0,0,0,0,0,0,0,0,0,0,0,0,0,0,0,0,0,0,0,0,0,0,1,0,0,0
"2","Subtitles/subtitles_tt1615918.txt","1","6","Films (English)",9,"Alvin and the Chipmunks: Chipwrecked",7,1615918,24,88,83,7.5e+07,22,4.3,87,"1",0,0,1,0,0,0,1,0,0,0,1,0,0,0,1,1,1,0,0,0,0,0,0,0,1,0,0,0,0,0,0,0,0,0
"3","Subtitles/subtitles_tt11657662.txt","4","5","Films (English)",7,"The Witcher: Nightmare of the Wolf",7,11657662,67,31,290,0,21,7.2,83,"1",0,1,0,0,0,0,1,0,0,0,1,0,0,1,1,0,0,0,0,0,0,0,0,0,0,0,0,0,0,1,0,0,0,0
"2","Subtitles/subtitles_tt9421200.txt","1","6","Films (English)",10,"A Perfect Enemy",7,9421200,52,39,51,0,4,5.5,89,"1",1,1,0,0,0,0,0,0,0,0,0,1,0,0,0,0,0,0,0,0,0,0,0,0,0,0,0,0,0,0,0,0,0,0
"4","Subtitles/subtitles_tt13822738.txt","2","4","Films (Non-English)",5,"The Takedown",42,13822738,43,30,43,1.7e+07,8,5.7,119,"1",0,1,0,0,0,0,0,0,0,1,0,0,1,0,0,1,0,0,0,0,0,0,0,0,0,0,0,0,0,0,0,0,0,0
"4","Subtitles/subtitles_tt1655441.txt","4","1","Films (English)",7,"The Age of Adaline",7,1655441,51,238,437,2.5e+07,20,7.2,112,"1",0,0,0,0,1,1,1,0,0,0,0,0,0,0,0,0,0,0,0,0,0,0,0,0,0,0,0,0,0,0,0,0,0,0
"2","Subtitles/subtitles_tt13919802.txt","1","6","Films (Non-English)",2,"Anek",7,13919802,52,12,177,0,7,6.7,147,"1",0,1,0,0,0,0,0,0,0,1,0,1,0,0,0,0,0,0,0,0,0,0,0,0,0,0,0,0,0,0,0,0,0,0
"4","Subtitles/subtitles_tt15553956.txt","1","1","Films (Non-English)",4,"Love and Leashes",14,15553956,52,24,90,0,5,6.3,117,"1",0,0,0,0,1,0,0,0,0,0,0,0,0,0,0,0,0,0,0,0,0,1,0,0,0,0,0,0,0,0,0,0,0,0
"1","Subtitles/subtitles_tt15494038.txt","3","2","Films (Non-English)",9,"Drifting Home",21,15494038,53,27,18,0,3,6.2,119,"1",0,1,1,0,0,0,1,0,0,0,1,0,0,0,1,0,0,0,0,0,0,0,0,0,0,0,0,0,0,0,0,0,0,0
"1","Subtitles/subtitles_tt11240506.txt","3","2","Films (Non-English)",6,"Nobody Sleeps in the Woods Tonight",7,11240506,52,37,198,0,10,4.9,102,"1",0,0,0,0,0,0,0,0,0,0,0,0,0,1,0,0,0,0,1,0,0,0,0,0,0,0,1,0,0,0,0,0,0,0
"4","Subtitles/subtitles_tt8695030.txt","4","1","Films (English)",6,"The Dead Don't Die",7,8695030,53,350,1500,0,27,5.4,104,"1",0,0,0,0,0,0,1,1,0,0,0,0,0,0,0,0,0,0,1,0,0,1,0,0,0,0,0,0,0,0,0,0,0,0
"4","Subtitles/subtitles_tt4457020.txt","2","4","Films (Non-English)",7,"El Jeremías",21,4457020,52,14,5,0,8,7.2,95,"1",0,1,1,0,0,0,0,0,0,0,0,0,0,0,0,0,0,0,0,0,0,1,0,0,0,0,0,0,0,0,0,0,0,0
"1","Subtitles/subtitles_tt4105584.txt","3","2","Films (Non-English)",8,"Deep",7,4105584,52,10,33,6e+06,11,4.2,93,"1",0,0,1,0,0,0,0,0,0,0,1,0,0,0,1,1,0,0,0,0,0,0,0,0,0,0,0,0,0,0,0,0,0,0
"2","Subtitles/subtitles_tt10516196.txt","1","6","Films (Non-English)",8,"The Getaway King",7,10516196,52,9,17,2e+06,13,6.5,100,"1",0,0,0,0,0,0,0,0,0,1,0,0,1,0,0,1,0,0,0,0,0,0,0,0,0,0,0,0,0,0,0,0,0,0
"2","Subtitles/subtitles_tt12861850.txt","3","6","Films (Non-English)",4,"Chandigarh Kare Aashiqui",14,12861850,52,16,186,0,7,6.8,117,"1",0,1,0,0,1,0,0,0,0,0,0,0,1,0,0,0,0,0,0,0,0,1,0,0,0,0,0,0,0,0,0,0,0,0
"4","Subtitles/subtitles_tt12546872.txt","5","3","Films (English)",6,"This Little Love of Mine",14,12546872,52,10,71,0,2,5.3,91,"1",0,0,0,0,0,0,0,0,0,0,0,0,0,0,0,0,0,0,0,0,0,0,0,0,0,0,0,0,0,0,0,1,0,0
"4","Subtitles/subtitles_tt2463208.txt","2","4","Films (English)",8,"The Adam Project",56,2463208,55,212,1200,1.16e+08,11,6.7,106,"1",0,0,0,0,0,0,0,1,0,1,1,0,0,0,0,1,0,0,0,0,0,0,0,0,0,0,0,0,0,0,0,0,0,0
"4","Subtitles/subtitles_tt21237030.txt","2","4","Films (Non-English)",8,"Carter",28,21237030,52,42,267,0,6,5.1,132,"1",0,0,0,0,0,0,0,0,0,1,0,1,0,0,0,0,0,0,0,0,0,0,0,0,0,0,0,0,0,0,0,0,0,0
"4","Subtitles/subtitles_tt9134216.txt","2","4","Films (English)",7,"Playing with Fire",7,9134216,24,68,284,29900000,16,5.1,96,"1",0,0,1,0,0,0,0,0,0,0,0,0,0,0,0,0,0,0,0,0,0,1,0,0,0,0,0,0,0,0,0,0,0,0
"3","Subtitles/subtitles_tt10366574.txt","4","5","Films (Non-English)",7,"Prayers for the Stolen",14,10366574,83,46,20,0,10,7.3,110,"1",0,0,0,0,0,1,0,0,0,0,0,0,0,0,0,0,0,0,0,0,0,0,0,0,0,0,0,0,0,0,0,0,0,0
"4","Subtitles/subtitles_tt5563324.txt","2","4","Films (English)",6,"Intrusion",14,5563324,39,54,356,0,7,5.2,92,"1",0,0,0,0,0,1,0,0,0,0,0,1,0,0,0,0,0,0,0,0,0,0,0,0,0,0,0,0,0,0,0,0,0,0
"3","Subtitles/subtitles_tt0076843.txt","4","5","Films (Non-English)",4,"The Turning Point",14,76843,68,17,36,0,14,6.8,119,"1",0,0,0,0,1,1,0,0,0,0,0,0,0,0,0,0,0,0,0,0,0,0,0,0,0,0,0,0,0,0,0,0,0,0
"1","Subtitles/subtitles_tt21742248.txt","3","2","Films (Non-English)",9,"Fenced In",21,21742248,52,7,NA,0,4,4.3,110,"1",0,0,0,0,0,0,0,0,0,0,0,0,0,0,0,0,0,0,0,0,0,1,0,0,0,0,0,0,0,0,0,0,0,0
"2","Subtitles/subtitles_tt3766354.txt","1","6","Films (English)",6,"The Equalizer 2",7,3766354,50,240,801,6.2e+07,23,6.7,121,"1",0,0,0,0,0,0,0,0,0,1,0,1,1,0,0,0,0,0,0,0,0,0,0,0,0,0,0,0,0,0,0,0,0,0
"4","Subtitles/subtitles_tt1879016.txt","2","4","Films (English)",8,"Operation Mincemeat",14,1879016,65,115,264,0,20,6.6,128,"1",0,0,0,0,0,1,0,0,0,0,0,0,0,0,0,0,0,0,0,0,0,0,1,0,0,0,0,0,0,0,0,0,0,0
"2","Subtitles/subtitles_tt6925902.txt","1","6","Films (Non-English)",7,"More the Merrier",14,6925902,52,11,23,0,20,5.4,111,"1",0,0,0,0,0,0,0,0,0,0,0,0,0,0,0,0,0,0,0,0,0,1,0,0,0,0,0,0,0,0,0,0,0,0
"1","Subtitles/subtitles_tt1133985.txt","3","2","Films (English)",10,"Green Lantern",7,1133985,39,437,739,2e+08,28,5.5,114,"1",0,0,0,0,0,0,0,1,0,1,1,0,0,0,0,0,0,0,0,0,0,0,0,0,0,0,0,0,0,0,0,0,0,0
"3","Subtitles/subtitles_tt1259528.txt","4","1","Films (English)",9,"Den of Thieves",7,1259528,49,189,630,3e+07,21,7,140,"1",0,1,0,0,0,0,0,0,0,1,0,1,1,0,0,0,0,0,0,0,0,0,0,0,0,0,0,0,0,0,0,0,0,0
"1","Subtitles/subtitles_tt14781176.txt","5","3","Films (Non-English)",9,"The 8th Night",21,14781176,52,40,47,0,5,5.3,115,"1",0,0,0,0,0,0,0,0,0,0,0,1,0,0,0,0,0,0,0,0,0,0,0,0,0,0,0,1,0,0,0,0,0,0
"4","Subtitles/subtitles_tt1055369.txt","2","4","Films (English)",5,"Transformers: Revenge of the Fallen",7,1055369,35,375,1500,2e+08,54,5.9,149,"1",0,0,0,0,0,0,0,1,0,1,1,0,0,0,0,0,0,0,0,0,0,0,0,0,0,0,0,0,0,0,0,0,0,0
"1","Subtitles/subtitles_tt14992922.txt","5","3","Films (English)",6,"The Tinder Swindler",35,14992922,52,49,351,0,2,7.1,114,"1",0,0,0,0,0,0,0,0,1,0,0,0,1,0,0,0,0,0,0,0,0,0,0,0,0,0,0,0,0,0,0,0,0,0
"3","Subtitles/subtitles_tt14309446.txt","3","2","Films (English)",6,"Me Time",35,14309446,25,58,228,8e+07,21,5,101,"1",0,0,0,0,0,0,0,0,0,0,0,0,0,0,0,0,0,0,0,0,0,1,0,0,0,0,0,0,0,0,0,0,0,0
"1","Subtitles/subtitles_tt18968540.txt","3","2","Films (Non-English)",10,"Incantation",35,18968540,52,46,170,1443163.32163858,5,6.2,110,"1",0,0,0,0,0,0,0,0,0,0,0,0,0,1,0,0,0,0,0,0,0,0,0,0,0,0,0,1,0,0,0,0,0,0
"2","Subtitles/subtitles_tt15204288.txt","1","6","Films (Non-English)",9,"Confessions of an Invisible Girl",35,15204288,52,15,12,0,6,5.2,91,"1",0,1,0,0,0,0,0,0,0,0,0,0,0,0,0,0,0,0,0,0,0,1,0,0,0,0,0,0,0,0,0,0,0,0
"4","Subtitles/subtitles_tt13003996.txt","2","4","Films (Non-English)",6,"My Brother, My Sister",21,13003996,52,14,13,0,5,6,110,"1",0,0,0,0,0,1,0,0,0,0,0,0,0,0,0,0,0,0,0,0,0,0,0,0,0,0,0,0,0,0,0,0,0,0
"2","Subtitles/subtitles_tt0369339.txt","1","6","Films (English)",10,"Collateral",7,369339,71,232,1000,6.5e+07,31,7.5,120,"1",0,1,0,0,0,0,0,0,0,1,0,1,1,0,0,0,0,0,0,0,0,0,0,0,0,0,0,0,0,0,0,0,0,0
"4","Subtitles/subtitles_tt14465894.txt","2","4","Films (Non-English)",6,"Restless",35,14465894,52,20,46,0,7,5.8,95,"1",0,0,0,0,0,0,0,0,0,1,0,1,1,0,0,0,0,0,0,0,0,0,0,0,0,0,0,0,0,0,0,0,0,0
"1","Subtitles/subtitles_tt1409024.txt","5","3","Films (English)",9,"Men in Black 3",7,1409024,58,456,425,2.25e+08,77,6.8,106,"1",0,0,0,0,0,0,0,1,0,1,1,0,0,0,0,1,0,0,0,0,0,0,0,0,0,0,0,0,0,0,0,0,0,0
"3","Subtitles/subtitles_tt1051906.txt","4","5","Films (English)",8,"The Invisible Man",7,1051906,72,475,2,7e+06,14,7.1,124,"1",0,0,0,0,0,1,0,1,0,0,0,1,0,1,0,0,0,0,1,0,0,0,0,0,0,0,0,0,0,0,0,0,0,0
"3","Subtitles/subtitles_tt16969906.txt","3","2","Films (Non-English)",9,"40 Years Young",14,16969906,52,6,7,0,10,4.4,81,"1",0,0,0,0,0,0,0,0,0,0,0,0,0,0,0,0,0,0,0,0,0,1,0,0,0,0,0,0,0,0,0,0,0,0
"1","Subtitles/subtitles_tt10345782.txt","5","3","Films (Non-English)",4,"The Catholic School",14,10345782,52,28,20,0,10,5.7,106,"1",0,0,0,0,0,1,0,0,0,0,0,0,0,0,0,0,0,0,0,0,0,0,0,0,0,0,0,0,0,0,0,0,0,0
"4","Subtitles/subtitles_tt15216504.txt","2","4","Films (Non-English)",9,"The Women and the Murderer",14,15216504,52,9,20,0,1,6.4,92,"1",0,0,0,0,0,0,0,0,1,0,0,0,1,0,0,0,0,0,0,0,0,0,0,0,0,0,0,0,0,0,0,0,0,0
"4","Subtitles/subtitles_tt1972591.txt","2","4","Films (English)",5,"King Arthur: Legend of the Sword",7,1972591,41,360,1100,1.75e+08,40,6.7,126,"1",0,1,0,0,0,0,1,0,0,1,1,0,0,0,0,0,0,0,0,0,0,0,0,0,0,0,0,0,0,0,0,0,0,0
"4","Subtitles/subtitles_tt0803096.txt","5","3","Films (English)",4,"Warcraft",14,803096,32,373,1000,1.6e+08,39,6.7,123,"1",0,0,0,0,0,0,1,0,0,1,1,0,0,0,0,0,0,0,0,0,0,0,0,0,0,0,0,0,0,0,0,0,0,0
"4","Subtitles/subtitles_tt14307536.txt","2","4","Films (English)",4,"A Jazzman's Blues",14,14307536,63,28,57,0,8,6.7,127,"1",0,0,0,0,0,1,0,0,0,0,0,0,0,0,0,0,0,0,0,0,0,0,0,0,0,0,0,0,0,0,0,0,0,0
"3","Subtitles/subtitles_tt1099212.txt","4","5","Films (English)",7,"Twilight",21,1099212,56,355,1800,3.7e+07,23,5.3,122,"1",0,0,0,0,1,1,1,0,0,0,0,0,0,0,0,0,0,0,0,0,0,0,0,0,0,0,0,0,0,0,0,0,0,0
"1","Subtitles/subtitles_tt5734576.txt","3","2","Films (English)",9,"The Possession of Hannah Grace",7,5734576,37,130,311,7700000,10,5.2,86,"1",0,0,0,0,0,0,0,0,0,0,0,1,0,1,0,0,0,0,0,0,0,0,0,0,0,0,0,1,0,0,0,0,0,0
"2","Subtitles/subtitles_tt9421570.txt","1","4","Films (English)",8,"The Guilty",28,9421570,63,174,1200,0,21,6.3,90,"1",0,1,0,0,0,0,0,0,0,0,0,1,0,0,0,0,0,1,0,0,0,0,0,0,0,0,0,0,0,0,0,0,0,0
"3","Subtitles/subtitles_tt1413492.txt","4","5","Films (English)",10,"12 Strong",14,1413492,54,170,436,3.5e+07,27,6.5,130,"1",0,1,0,1,0,0,0,0,0,1,0,0,0,0,0,0,0,0,0,0,0,0,1,0,0,0,0,0,0,0,0,0,0,0
"2","Subtitles/subtitles_tt8783532.txt","1","6","Films (Non-English)",7,"School Life",7,8783532,52,20,12,0,10,6.5,111,"1",0,1,0,0,0,0,0,0,0,0,0,0,0,0,0,0,0,0,0,0,0,1,0,0,0,0,0,0,0,0,0,0,0,0
"2","Subtitles/subtitles_tt10763820.txt","1","6","Films (English)",3,"Night Teeth",14,10763820,42,68,245,2.5e+07,15,5.7,107,"1",0,1,0,0,0,0,1,0,0,1,0,1,1,0,0,0,0,0,1,0,0,0,0,0,0,0,0,0,0,0,0,0,0,0
"4","Subtitles/subtitles_tt21106646.txt","2","4","Films (English)",7,"The Next 365 Days",21,21106646,52,23,106,0,8,2.7,112,"1",0,0,0,0,1,1,0,0,0,0,0,0,0,0,0,0,0,0,0,0,0,0,0,0,0,0,0,0,0,0,0,0,0,0
"4","Subtitles/subtitles_tt15521050.txt","2","4","Films (English)",3,"Love & Gelato",14,15521050,52,18,90,0,5,5.1,110,"1",0,1,0,0,1,0,0,0,0,0,0,0,0,0,0,0,0,0,0,0,0,1,0,0,0,0,0,0,0,0,0,0,0,0
"2","Subtitles/subtitles_tt1127715.txt","1","6","Films (Non-English)",10,"Sin Nombre",14,1127715,77,160,91,0,17,7.5,96,"1",1,1,0,0,0,0,0,0,0,0,0,1,1,0,0,0,0,0,0,0,0,0,0,0,0,0,0,0,0,0,0,0,0,0
"3","Subtitles/subtitles_tt0493405.txt","4","5","Films (English)",9,"CHIPS",14,493405,28,126,231,2.5e+07,40,6,100,"1",0,0,0,0,0,0,0,0,0,1,0,0,1,0,0,1,0,0,0,0,0,0,0,0,0,0,0,0,0,0,0,0,0,0
"1","Subtitles/subtitles_tt1959490.txt","3","2","Films (English)",7,"Noah",7,1959490,68,448,1400,1.25e+08,35,5.8,138,"1",0,1,0,0,0,0,0,0,0,1,1,0,0,0,0,0,0,0,0,0,0,0,0,0,0,0,0,0,0,0,0,0,0,0
"1","Subtitles/subtitles_tt14995258.txt","3","4","Films (Non-English)",6,"No Limit",28,14995258,52,17,10,7900000,3,5.8,118,"1",0,0,0,0,1,1,0,0,0,0,0,1,0,0,0,0,0,0,0,0,0,0,0,1,0,0,0,0,0,0,0,0,0,0
"2","Subtitles/subtitles_tt16088568.txt","1","6","Films (Non-English)",8,"Anonymously Yours",28,16088568,52,18,12,0,0,5.7,100,"1",0,0,0,0,1,1,0,0,0,0,0,0,0,0,0,0,0,0,0,0,0,0,0,0,0,0,0,0,0,0,0,0,0,0
"2","Subtitles/subtitles_tt15575356.txt","1","6","Films (Non-English)",6,"Too Old for Fairy Tales",21,15575356,52,11,7,0,5,6.2,106,"1",0,0,1,0,0,0,0,0,0,0,0,0,0,0,0,0,0,0,0,0,0,1,0,0,0,0,0,0,0,0,0,0,0,0
"4","Subtitles/subtitles_tt1712261.txt","2","1","Films (English)",9,"Triple 9",7,1712261,52,261,216,2e+07,24,6.3,115,"1",0,0,0,0,0,0,0,0,0,1,0,1,1,0,0,0,0,0,0,0,0,0,0,0,0,0,0,0,0,0,0,0,0,0
"3","Subtitles/subtitles_tt12851396.txt","3","2","Films (English)",3,"Trollhunters: Rise of the Titans",14,12851396,52,15,181,0,31,6.7,104,"1",0,1,1,0,0,0,1,0,0,0,1,0,0,0,1,1,0,0,0,0,0,0,0,0,0,0,0,0,0,1,0,0,0,0
"2","Subtitles/subtitles_tt7027092.txt","1","6","Films (Non-English)",9,"Budapest",7,7027092,52,8,23,0,7,5.4,102,"1",0,0,0,0,0,0,0,0,0,0,0,0,0,0,0,0,0,0,0,0,0,1,0,0,0,0,0,0,0,0,0,0,0,0
"1","Subtitles/subtitles_tt12441478.txt","5","3","Films (Non-English)",6,"Earwig and the Witch",14,12441478,46,63,134,0,8,4.8,82,"1",0,0,1,0,0,0,1,0,0,0,1,0,0,0,1,0,0,0,0,0,0,0,0,0,0,0,0,0,0,0,0,0,0,0
"4","Subtitles/subtitles_tt14107554.txt","2","4","Films (Non-English)",10,"Dasvi",21,14107554,52,26,443,3426753.15138906,6,7.3,125,"1",0,1,0,0,0,0,0,0,0,0,0,0,0,0,0,0,0,0,0,0,0,1,0,0,0,0,0,0,0,0,0,0,0,0
"2","Subtitles/subtitles_tt10752004.txt","1","6","Films (English)",10,"Love Hard",35,10752004,42,59,478,0,13,6.3,104,"1",0,0,0,0,1,0,0,0,0,0,0,0,0,0,0,0,0,0,0,0,0,1,0,0,0,0,0,0,0,0,0,0,0,0
"4","Subtitles/subtitles_tt14592948.txt","3","4","Films (Non-English)",8,"Loving Adults",42,14592948,52,19,40,0,9,6.5,104,"1",0,1,0,0,0,0,0,0,0,0,0,1,0,0,0,0,0,1,0,0,0,0,0,0,0,0,0,0,0,0,0,0,0,0
"1","Subtitles/subtitles_tt1599348.txt","5","3","Films (English)",8,"Safe House",14,1599348,52,204,368,8.5e+07,30,6.7,115,"1",0,0,0,0,0,0,0,0,0,1,0,1,0,0,0,0,0,0,0,0,0,0,0,0,0,0,0,0,0,0,0,0,0,0
"2","Subtitles/subtitles_tt21933110.txt","1","6","Films (Non-English)",3,"Old People",7,21933110,52,24,43,5,4,5,101,"1",0,0,0,0,0,0,0,0,0,0,0,0,0,0,0,0,0,0,0,0,0,0,0,0,0,0,0,1,0,0,0,0,0,0
"4","Subtitles/subtitles_tt10530176.txt","5","1","Films (English)",7,"The Call",7,10530176,52,55,351,0,10,7.1,112,"1",0,0,0,0,0,0,0,1,0,0,0,1,0,1,0,0,0,1,1,0,0,0,0,0,0,0,0,0,0,0,0,0,0,0
"3","Subtitles/subtitles_tt10456740.txt","4","5","Films (Non-English)",5,"Lost Bullet",21,10456740,78,43,109,0,14,6.3,92,"1",0,0,0,0,0,0,0,0,0,1,0,1,1,0,0,0,0,0,0,0,0,0,0,0,0,0,0,0,0,0,0,0,0,0
"1","Subtitles/subtitles_tt6402468.txt","3","2","Films (Non-English)",7,"Blood Red Sky",105,6402468,43,92,813,1.5e+07,16,6.1,121,"1",0,1,0,0,0,0,1,0,0,1,1,1,0,0,0,0,0,0,1,0,0,0,0,0,0,0,0,0,0,0,0,0,0,0
"1","Subtitles/subtitles_tt7616798.txt","5","3","Films (English)",10,"A Dog's Way Home",7,7616798,50,64,203,1.8e+07,25,6.7,96,"1",1,1,1,0,0,0,0,0,0,0,0,0,0,0,0,0,0,0,0,0,0,0,0,0,0,0,0,0,0,0,0,0,0,0
"1","Subtitles/subtitles_tt4595186.txt","5","3","Films (English)",1,"Luckiest Girl Alive",7,4595186,54,41,147,0,22,6.4,113,"1",0,0,0,0,0,1,0,0,0,0,0,1,0,1,0,0,0,0,0,0,0,0,0,0,0,0,0,0,0,0,0,0,0,0
"2","Subtitles/subtitles_tt14210720.txt","1","6","Films (Non-English)",9,"HollyBlood",7,14210720,52,13,10,0,7,4.3,87,"1",0,0,0,0,1,0,1,0,0,0,0,0,0,0,0,0,0,0,1,0,0,1,0,0,0,0,0,0,0,0,0,0,0,0
"1","Subtitles/subtitles_tt21340300.txt","5","3","Films (English)",8,"Untold: The Girlfriend Who Didn't Exist",14,21340300,52,7,88,0,3,7.2,124,"1",0,0,0,0,0,0,0,0,1,0,0,0,0,0,0,0,0,0,0,0,0,0,0,1,0,0,0,0,1,0,0,0,0,0
"1","Subtitles/subtitles_tt14817272.txt","3","3","Films (English)",5,"The Weekend Away",21,14817272,51,59,293,0,5,5.6,89,"1",0,1,0,0,0,0,0,0,0,0,0,1,0,1,0,0,0,1,0,0,0,0,0,0,0,0,0,0,0,0,0,0,0,0
"1","Subtitles/subtitles_tt12929990.txt","5","3","Films (English)",10,"Resort to Love",28,12929990,46,29,87,0,6,5.7,101,"1",0,0,0,0,1,0,0,0,0,0,0,0,0,0,0,0,0,0,0,0,0,1,0,0,0,0,0,0,0,0,0,0,0,0
"3","Subtitles/subtitles_tt21281774.txt","4","5","Films (Non-English)",7,"Bank Robbers: The Last Great Heist",14,21281774,52,10,NA,0,1,7.1,109,"1",0,0,0,0,0,0,0,0,1,0,0,0,1,0,0,0,0,0,0,0,0,0,0,0,0,0,0,0,0,0,0,0,0,0
"3","Subtitles/subtitles_tt14898794.txt","4","5","Films (Non-English)",9,"In Good Hands",35,14898794,52,11,20,0,4,5.7,104,"1",0,1,0,0,1,0,0,0,0,0,0,0,0,0,0,0,0,0,0,0,0,1,0,0,0,0,0,0,0,0,0,0,0,0
"2","Subtitles/subtitles_tt2250912.txt","1","6","Films (English)",6,"Spider-Man: Homecoming",21,2250912,73,593,1500,1.75e+08,47,7.4,133,"1",0,0,0,0,0,0,0,1,0,1,1,0,0,0,0,0,0,0,0,0,0,0,0,0,0,0,0,0,0,0,0,0,0,0
"3","Subtitles/subtitles_tt5919756.txt","3","2","Films (English)",7,"Disappearance at Clifton Hill",7,5919756,61,63,92,0,15,5.4,100,"1",0,0,0,0,0,1,0,0,0,0,0,1,0,1,0,0,0,0,0,0,0,0,0,0,0,0,0,0,0,0,0,0,0,0
"4","Subtitles/subtitles_tt0036098.txt","2","1","Films (Non-English)",10,"Lassie Come Home",7,36098,78,15,41,0,7,7.1,89,"1",1,1,1,0,0,0,0,0,0,0,0,0,0,0,0,0,0,0,0,0,0,0,0,0,0,0,0,0,0,0,0,0,0,0
"1","Subtitles/subtitles_tt1650535.txt","3","3","Films (Non-English)",5,"The Entitled",14,1650535,52,16,38,4500000,10,6.1,91,"1",0,0,0,0,0,0,0,0,0,0,0,1,0,0,0,0,0,1,0,0,0,0,0,0,0,0,0,0,0,0,0,0,0,0
"1","Subtitles/subtitles_tt14439896.txt","3","2","Films (English)",9,"Father Stu",14,14439896,40,74,265,4e+06,24,6.5,124,"1",0,1,0,0,0,0,0,0,0,0,0,0,0,0,0,0,0,0,0,0,0,0,0,0,0,0,0,0,0,0,1,0,0,0
"1","Subtitles/subtitles_tt2034800.txt","5","3","Films (English)",10,"The Great Wall",7,2034800,42,297,540,1.5e+08,16,5.9,103,"1",0,0,0,0,0,0,1,0,0,1,1,1,0,0,0,0,0,0,0,0,0,0,0,0,0,0,0,0,0,0,0,0,0,0
"1","Subtitles/subtitles_tt7615052.txt","3","2","Films (English)",5,"Daughter of the Wolf",7,7615052,36,20,123,0,8,4.6,88,"1",0,0,0,0,0,0,0,0,0,1,0,1,0,0,0,0,0,0,0,0,0,0,0,0,0,0,0,0,0,0,0,0,0,0
"2","Subtitles/subtitles_tt10521092.txt","1","6","Films (Non-English)",9,"The Forgotten Battle",42,10521092,52,35,267,1.4e+07,23,7.1,124,"1",0,0,0,0,0,1,0,0,0,0,0,0,0,0,0,0,0,0,0,0,0,0,1,0,0,0,0,0,0,0,0,0,0,0
"1","Subtitles/subtitles_tt8368408.txt","3","2","Films (English)",4,"Gunpowder Milkshake",7,8368408,47,162,750,3e+07,19,6,114,"1",0,0,0,0,0,0,0,0,0,1,0,1,1,0,0,0,0,0,0,0,0,0,0,0,0,0,0,0,0,0,0,0,0,0
"2","Subtitles/subtitles_tt12808182.txt","3","6","Films (Non-English)",6,"The Last Mercenary",35,12808182,48,49,118,13500000,18,5.3,110,"1",0,0,0,0,0,0,0,0,0,1,1,1,1,0,0,1,0,0,0,0,0,0,0,0,0,0,0,0,0,0,0,0,0,0
"2","Subtitles/subtitles_tt6146586.txt","1","1","Films (English)",7,"John Wick: Chapter 3 - Parabellum",7,6146586,73,402,2400,7.5e+07,42,7.4,130,"1",0,0,0,0,0,0,0,0,0,1,0,1,1,0,0,0,0,0,0,0,0,0,0,0,0,0,0,0,0,0,0,0,0,0
"4","Subtitles/subtitles_tt0480255.txt","2","4","Films (English)",5,"The Losers",7,480255,44,176,276,2.5e+07,18,6.3,97,"1",0,0,0,0,0,0,0,0,0,1,1,1,1,1,0,1,0,0,0,0,0,0,0,0,0,0,0,0,0,0,0,0,0,0
"4","Subtitles/subtitles_tt9783600.txt","5","1","Films (English)",7,"Spiderhead",21,9783600,54,125,509,0,8,5.4,106,"1",0,1,0,0,0,0,0,1,0,1,0,1,1,0,0,0,0,0,0,0,0,0,0,0,0,0,0,0,0,0,0,0,0,0
"1","Subtitles/subtitles_tt3588588.txt","3","2","Films (English)",10,"Backtrace",7,3588588,34,47,102,0,10,3.8,92,"1",0,1,0,0,0,0,0,1,0,1,0,1,1,0,0,0,0,0,0,0,0,0,0,0,0,0,0,0,0,0,0,0,0,0
"4","Subtitles/subtitles_tt21848358.txt","2","1","Films (Non-English)",7,"Jogi",7,21848358,52,19,59,0,6,7.3,116,"1",0,0,0,1,0,1,0,0,0,0,0,1,0,0,0,0,0,0,0,0,0,0,0,0,0,0,0,0,0,0,0,0,0,0
"4","Subtitles/subtitles_tt15083184.txt","2","4","Films (English)",6,"I Came By",21,15083184,57,52,177,0,10,6.1,110,"1",0,0,0,0,0,0,0,0,0,0,0,0,0,0,0,0,0,0,0,1,0,0,0,0,0,0,0,0,0,0,0,0,0,0
"1","Subtitles/subtitles_tt14486678.txt","5","3","Films (Non-English)",9,"Love Tactics",35,14486678,52,12,80,0,4,5.2,97,"1",0,0,0,0,1,0,0,0,0,0,0,0,0,0,0,0,0,0,0,0,0,1,0,0,0,0,0,0,0,0,0,0,0,0
"1","Subtitles/subtitles_tt13103340.txt","3","2","Films (English)",5,"Father Christmas Is Back",7,13103340,52,21,182,0,9,4.5,105,"1",0,0,0,0,0,0,0,0,0,0,0,0,0,0,0,0,0,0,0,0,0,1,0,0,0,0,0,0,0,0,0,0,0,0
"4","Subtitles/subtitles_tt3371366.txt","2","4","Films (English)",9,"Transformers: The Last Knight",14,3371366,27,298,940,2.17e+08,53,5.2,154,"1",0,0,0,0,0,0,0,1,0,1,1,0,0,0,0,0,0,0,0,0,0,0,0,0,0,0,0,0,0,0,0,0,0,0
"1","Subtitles/subtitles_tt0377092.txt","5","3","Films (English)",9,"Mean Girls",7,377092,66,124,744,1.7e+07,29,7.1,97,"1",0,0,0,0,0,0,0,0,0,0,0,0,0,0,0,0,0,0,0,0,0,1,0,0,0,0,0,0,0,0,0,0,0,0
"1","Subtitles/subtitles_tt6610158.txt","5","3","Films (English)",10,"Rust Creek",7,6610158,59,50,233,0,7,5.9,108,"1",0,1,0,0,0,0,0,0,0,0,0,1,0,0,0,0,0,1,0,0,0,0,0,0,0,0,0,0,0,0,0,0,0,0
"4","Subtitles/subtitles_tt19768508.txt","4","1","Films (Non-English)",8,"Cyber Hell: Exposing an Internet Horror",7,19768508,52,12,18,0,2,6.5,105,"1",0,0,0,0,0,0,0,0,1,0,0,0,1,0,0,0,0,0,0,0,0,0,0,0,0,0,0,0,0,0,0,0,0,0
"4","Subtitles/subtitles_tt4614584.txt","2","4","Films (English)",8,"Purple Hearts",42,4614584,30,42,412,0,13,6.7,122,"1",0,0,0,0,1,1,0,0,0,0,0,0,0,0,0,0,0,0,0,0,0,0,0,0,1,0,0,0,0,0,0,0,0,0
"3","Subtitles/subtitles_tt1229238.txt","4","5","Films (English)",7,"Mission: Impossible - Ghost Protocol",7,1229238,73,290,638,1.45e+08,30,7.4,132,"1",0,0,0,0,0,0,0,0,0,1,0,1,0,0,0,0,0,0,0,0,0,0,0,0,0,0,0,0,0,0,0,0,0,0
"4","Subtitles/subtitles_tt7587604.txt","2","1","Films (Non-English)",7,"Dynasty Warriors",14,7587604,52,24,60,0,13,4.7,119,"1",0,0,0,0,0,0,1,0,0,1,1,0,0,0,0,0,0,0,0,0,0,0,0,0,0,0,0,0,0,0,0,0,0,0
"3","Subtitles/subtitles_tt10841088.txt","4","5","Films (English)",5,"Riverdance: The Animated Adventure",14,10841088,52,23,47,0,7,5.5,90,"1",0,0,1,0,0,0,1,0,0,0,1,0,0,0,1,1,1,0,0,0,0,0,0,0,0,0,0,0,0,0,0,0,0,0
"4","Subtitles/subtitles_tt16636178.txt","5","3","Films (Non-English)",2,"El paseo 6",7,16636178,52,98,NA,0,3,3.2,97,"1",0,0,0,0,0,0,0,0,0,0,0,0,0,0,0,0,0,0,0,0,0,1,0,0,0,0,0,0,0,0,0,0,0,0
"2","Subtitles/subtitles_tt0993840.txt","1","6","Films (English)",7,"Army of the Dead",21,993840,57,173,4100,7e+07,42,5.7,148,"1",0,0,0,0,0,0,0,1,0,1,0,1,1,0,0,0,0,0,1,0,0,0,0,0,0,0,0,0,0,0,0,0,0,0
"1","Subtitles/subtitles_tt13024674.txt","5","3","Films (English)",7,"Army of Thieves",28,13024674,49,129,498,0,14,6.4,127,"1",0,0,0,0,0,0,0,0,0,1,0,1,1,0,0,1,0,0,0,0,0,0,0,0,0,0,0,0,0,0,0,0,0,0
"4","Subtitles/subtitles_tt11991786.txt","4","1","Films (Non-English)",6,"The Guide to the Perfect Family",14,11991786,52,16,15,0,10,6.4,102,"1",0,1,0,0,0,0,0,0,0,0,0,0,0,0,0,0,0,0,0,0,0,1,0,0,0,0,0,0,0,0,0,0,0,0
"3","Subtitles/subtitles_tt13391710.txt","4","5","Films (Non-English)",8,"Jana Gana Mana",7,13391710,52,7,199,1223840.41121038,8,8.3,162,"1",0,1,0,0,0,0,0,0,0,0,0,0,0,0,0,0,0,1,0,0,0,0,0,0,0,0,0,0,0,0,0,0,0,0
"1","Subtitles/subtitles_tt3344928.txt","3","2","Films (Non-English)",7,"Love of My Loves",14,3344928,52,98,4,NA,11,6.2,95,"1",0,0,0,0,0,0,0,0,0,0,0,0,0,0,0,0,0,0,0,0,0,1,0,0,0,0,0,0,0,0,0,0,0,0
"1","Subtitles/subtitles_tt0892791.txt","3","2","Films (English)",4,"Shrek Forever After",14,892791,58,216,265,1.65e+08,28,6.3,93,"1",0,0,1,0,1,0,1,0,0,0,1,0,0,0,1,1,0,0,0,0,0,0,0,0,0,0,0,0,0,0,0,0,0,0
"3","Subtitles/subtitles_tt14866710.txt","4","5","Films (Non-English)",7,"Blasted",14,14866710,52,26,41,0,5,4.8,114,"1",0,0,0,0,0,0,0,1,0,1,0,0,0,0,0,1,0,0,0,0,0,0,0,0,0,0,0,0,0,0,0,0,0,0
"1","Subtitles/subtitles_tt13610562.txt","5","3","Films (English)",3,"The Bubble",14,13610562,34,92,531,0,26,4.7,126,"1",0,0,0,0,0,0,0,0,0,0,0,0,0,0,0,0,0,0,0,0,0,1,0,0,0,0,0,0,0,0,0,0,0,0
"2","Subtitles/subtitles_tt10515864.txt","1","6","Films (Non-English)",5,"Furioza",28,10515864,52,16,25,0,10,6.2,139,"1",0,1,0,0,0,0,0,0,0,1,0,0,1,0,0,0,0,0,0,0,0,0,0,0,0,0,0,0,0,0,0,0,0,0
"3","Subtitles/subtitles_tt13412252.txt","4","5","Films (Non-English)",10,"Kingdom: Ashin of the North",28,13412252,52,34,145,0,5,7,92,"1",0,1,0,0,0,0,0,0,0,1,0,1,0,0,0,0,0,0,1,0,0,0,0,0,0,0,0,0,0,0,0,0,0,0
"3","Subtitles/subtitles_tt1397514.txt","4","5","Films (English)",8,"Journey 2: The Mysterious Island",14,1397514,41,178,244,7.9e+07,11,5.7,94,"1",0,0,1,0,0,0,1,1,0,1,1,0,0,0,0,1,0,0,0,0,0,0,0,0,0,0,0,0,0,0,0,0,0,0
"1","Subtitles/subtitles_tt21388556.txt","5","3","Films (English)",4,"That's Amor",14,21388556,52,15,34,0,11,5.2,96,"1",0,0,0,0,1,0,0,0,0,0,0,0,0,0,0,0,0,0,0,0,0,1,0,0,0,0,0,0,0,0,0,0,0,0
"3","Subtitles/subtitles_tt3594826.txt","4","1","Films (Non-English)",8,"Monk Comes Down the Mountain",7,3594826,52,14,14,0,16,5.5,123,"1",0,0,0,0,0,0,0,0,0,1,0,0,0,0,0,0,0,0,0,0,0,0,0,0,0,0,0,0,0,0,0,0,0,0
"4","Subtitles/subtitles_tt7311164.txt","4","1","Films (Non-English)",8,"CBI 5: The Brain",21,7311164,52,3,61,0,12,5.6,162,"1",0,0,0,0,0,0,0,0,0,0,0,1,0,1,0,0,0,1,0,0,0,0,0,0,0,0,0,0,0,0,0,0,0,0
"1","Subtitles/subtitles_tt1967545.txt","5","3","Films (English)",10,"Labor Day",7,1967545,52,221,153,1.8e+07,22,6.9,111,"1",0,0,0,0,1,1,0,0,0,0,0,1,0,0,0,0,0,0,0,0,0,0,0,0,0,0,0,0,0,0,0,0,0,0
"3","Subtitles/subtitles_tt14315500.txt","4","5","Films (Non-English)",7,"Nobody Sleeps in the Woods Tonight 2",14,14315500,52,20,94,0,5,3.9,96,"1",0,0,0,0,0,0,0,0,0,0,0,1,0,0,0,0,0,0,1,0,0,1,0,0,0,0,0,0,0,0,0,0,0,0
"3","Subtitles/subtitles_tt19704638.txt","4","5","Films (English)",9,"Our Father",21,19704638,45,24,90,0,5,6.6,97,"1",0,0,0,0,0,0,0,0,1,0,0,0,1,0,0,0,0,0,0,0,0,0,0,0,0,0,0,0,0,0,0,0,0,0
"1","Subtitles/subtitles_tt8907974.txt","5","3","Films (Non-English)",9,"Looop Lapeta",14,8907974,52,25,168,0,8,5.2,131,"1",0,0,0,0,1,0,0,0,0,1,0,1,1,0,0,1,0,0,0,0,0,0,0,0,0,0,0,0,0,0,0,0,0,0
"4","Subtitles/subtitles_tt14152140.txt","2","1","Films (Non-English)",9,"Darlings",28,14152140,52,31,294,NA,8,6.6,133,"1",0,1,0,0,0,0,0,0,0,0,0,1,0,0,0,0,0,0,0,0,0,1,0,0,0,0,0,0,0,0,0,0,0,0
"4","Subtitles/subtitles_tt6932244.txt","2","1","Films (English)",8,"Hanna",7,6932244,52,49,730,0,16,7.6,60,"1",0,1,0,0,0,0,0,0,0,1,0,0,0,0,0,0,0,0,0,0,0,0,0,0,0,0,0,0,0,0,0,0,0,0
"2","Subtitles/subtitles_tt11924738.txt","1","6","Films (Non-English)",8,"The Perfect Family",35,11924738,52,10,17,0,14,5.3,110,"1",0,0,0,0,0,0,0,0,0,0,0,0,0,0,0,0,0,0,0,0,0,1,0,0,0,0,0,0,0,0,0,0,0,0
"1","Subtitles/subtitles_tt6301712.txt","5","3","Films (Non-English)",6,"Outlaws",14,6301712,24,28,26,0,13,5.3,92,"1",0,1,0,0,0,0,0,0,0,0,0,1,0,0,0,0,0,1,0,0,0,0,0,0,0,0,0,0,0,0,0,0,0,0
"2","Subtitles/subtitles_tt0381707.txt","5","3","Films (English)",6,"White Chicks",7,381707,41,75,380,3.7e+07,28,5.7,109,"1",0,0,0,0,0,0,0,0,0,0,0,0,1,0,0,0,0,0,0,0,0,1,0,0,0,0,0,0,0,0,0,0,0,0
"1","Subtitles/subtitles_tt10809742.txt","5","3","Films (English)",7,"Collision",14,10809742,52,13,32,0,5,4.1,99,"1",0,1,0,0,0,0,0,0,0,0,0,1,0,0,0,0,0,1,0,0,0,0,0,0,0,0,0,0,0,0,0,0,0,0
"1","Subtitles/subtitles_tt0948470.txt","5","3","Films (English)",4,"The Amazing Spider-Man",14,948470,66,629,1500,2.3e+08,51,6.9,136,"1",0,0,0,0,0,0,0,1,0,1,1,0,0,0,0,0,0,0,0,0,0,0,0,0,0,0,0,0,0,0,0,0,0,0
"2","Subtitles/subtitles_tt0421073.txt","1","6","Films (English)",9,"Street Kings",7,421073,55,195,235,2e+07,28,6.8,109,"1",0,0,0,0,0,0,0,0,0,1,0,1,1,0,0,0,0,0,0,0,0,0,0,0,0,0,0,0,0,0,0,0,0,0
"4","Subtitles/subtitles_tt11934846.txt","2","1","Films (Non-English)",4,"Badhaai Do",14,11934846,52,13,491,0,10,7,147,"1",0,1,0,0,1,0,0,0,0,0,0,0,1,0,0,0,0,0,0,0,0,1,0,0,0,0,0,0,0,0,0,0,0,0
"3","Subtitles/subtitles_tt7268738.txt","4","5","Films (Non-English)",7,"Minnal Murali",28,7268738,52,27,474,0,10,7.9,158,"1",0,1,0,0,0,0,1,1,0,1,1,0,0,0,0,1,0,0,0,0,0,0,0,0,0,0,0,0,0,0,0,0,0,0
"4","Subtitles/subtitles_tt13056008.txt","2","4","Films (English)",4,"No One Gets Out Alive",7,13056008,43,59,222,0,13,5.3,87,"1",0,0,0,0,0,1,0,0,0,0,0,1,0,1,0,0,0,0,1,0,0,0,0,0,0,0,0,0,0,0,0,0,0,0
"2","Subtitles/subtitles_tt0471042.txt","1","6","Films (English)",8,"Tower Heist",7,471042,59,235,254,7.5e+07,31,6.2,104,"1",0,0,0,0,0,0,0,0,0,1,0,0,1,0,0,1,0,0,0,0,0,0,0,0,0,0,0,0,0,0,0,0,0,0
"2","Subtitles/subtitles_tt3874544.txt","5","3","Films (English)",6,"The Boss Baby",7,3874544,50,198,278,1.25e+08,15,6.3,97,"1",0,0,1,0,0,0,1,0,0,0,1,0,0,0,1,1,0,0,0,0,0,0,0,0,0,0,0,0,0,0,0,0,0,0
"1","Subtitles/subtitles_tt0365907.txt","5","3","Films (English)",8,"A Walk Among the Tombstones",14,365907,57,276,267,2.8e+07,25,6.5,114,"1",0,1,0,0,0,0,0,0,0,1,0,1,1,1,0,0,0,0,0,0,0,0,0,0,0,0,0,0,0,0,0,0,0,0
"1","Subtitles/subtitles_tt13069986.txt","1","6","Films (English)",7,"After We Fell",7,13069986,52,32,215,0,13,4.6,98,"1",0,0,0,0,1,1,0,0,0,0,0,0,0,0,0,0,0,0,0,0,0,0,0,0,0,0,0,0,0,0,0,0,0,0
"2","Subtitles/subtitles_tt4824302.txt","1","6","Films (English)",7,"Mother's Day",7,4824302,18,131,153,2.5e+07,28,5.6,118,"1",0,1,0,0,1,0,0,0,0,0,0,0,0,0,0,0,0,0,0,0,0,1,0,0,0,0,0,0,0,0,0,0,0,0
"4","Subtitles/subtitles_tt1325004.txt","2","1","Films (English)",8,"The Twilight Saga: Eclipse",7,1325004,58,287,511,6.8e+07,38,5,124,"1",0,1,0,0,1,0,1,0,0,1,1,1,0,0,0,0,0,0,0,0,0,0,0,0,0,0,0,0,0,0,0,0,0,0
"3","Subtitles/subtitles_tt11866324.txt","5","3","Films (Non-English)",4,"Prey",21,11866324,71,287,2400,6.5e+07,13,7.2,99,"1",0,1,0,0,0,0,0,1,0,1,1,1,0,0,0,0,0,0,1,0,0,0,0,0,0,0,0,0,0,0,0,0,0,0
"2","Subtitles/subtitles_tt17491040.txt","1","6","Films (Non-English)",9,"The Pirates: The Last Royal Treasure",28,17491040,52,18,45,17546479.5042186,9,6.1,126,"1",0,0,0,0,0,0,0,0,0,1,1,0,0,0,0,1,0,0,0,0,0,0,0,0,0,0,0,0,0,0,0,0,0,0
"1","Subtitles/subtitles_tt9387250.txt","3","2","Films (English)",9,"Skylines",7,9387250,46,56,190,0,12,4.7,113,"1",0,0,0,0,0,0,0,1,0,1,1,0,0,0,0,0,0,0,0,0,0,0,0,0,0,0,0,0,0,0,0,0,0,0
"1","Subtitles/subtitles_tt2267968.txt","3","2","Films (English)",9,"Kung Fu Panda 3",14,2267968,66,242,231,1.45e+08,24,7.1,95,"1",0,0,1,0,0,0,1,0,0,0,1,0,0,0,1,1,0,0,0,0,0,0,0,0,0,0,0,0,0,1,0,0,0,0
"1","Subtitles/subtitles_tt15311262.txt","3","2","Films (Non-English)",7,"Under the Amalfi Sun",14,15311262,52,14,4,0,7,5.3,95,"1",0,1,0,0,1,0,0,0,0,0,0,0,0,0,0,0,0,0,0,0,0,1,0,0,0,0,0,0,0,0,0,0,0,0
"3","Subtitles/subtitles_tt15432804.txt","4","5","Films (Non-English)",7,"F*ck Love Too",28,15432804,52,10,13,0,10,3.9,92,"1",0,0,0,0,1,0,0,0,0,0,0,0,0,0,0,0,0,0,0,0,0,1,0,0,0,0,0,0,0,0,0,0,0,0
"1","Subtitles/subtitles_tt18555320.txt","3","2","Films (English)",8,"Return to Space",14,18555320,56,26,35,0,2,7.3,128,"1",0,0,0,0,0,0,0,0,1,0,0,0,0,0,0,0,0,0,0,0,0,0,0,0,0,0,0,0,0,0,0,0,0,0
"1","Subtitles/subtitles_tt10322274.txt","5","4","Films (English)",7,"Schumacher",14,10322274,52,26,133,0,4,7.4,112,"1",0,0,0,0,0,0,0,0,1,0,0,0,0,0,0,0,0,0,0,0,0,0,0,1,0,0,0,0,1,0,0,0,0,0
"2","Subtitles/subtitles_tt20604466.txt","1","6","Films (English)",5,"Glamour Girls",7,20604466,52,9,11,0,7,3.7,125,"1",0,0,0,0,0,1,0,0,0,0,0,0,0,0,0,0,0,0,0,0,0,0,0,0,0,0,0,0,0,0,0,0,0,0
"1","Subtitles/subtitles_tt4262142.txt","5","3","Films (English)",7,"Cleveland Abduction",7,4262142,52,8,38,0,16,6.6,88,"1",0,1,0,0,0,0,0,0,0,0,0,0,1,0,0,0,0,0,0,0,0,0,0,0,0,0,0,0,0,0,1,0,0,0
"1","Subtitles/subtitles_tt9170516.txt","3","2","Films (Non-English)",5,"The Bombardment",21,9170516,52,28,109,0,19,7.3,107,"1",0,0,0,1,0,1,0,0,0,0,0,0,0,0,0,0,0,0,0,0,0,0,1,0,0,0,0,0,0,0,0,0,0,0
"4","Subtitles/subtitles_tt12996154.txt","2","1","Films (English)",9,"365 Days: This Day",28,12996154,52,27,325,0,8,2.6,111,"1",0,0,0,0,1,1,0,0,0,0,0,0,0,0,0,0,0,0,0,0,0,0,0,0,0,0,0,0,0,0,0,0,0,0
"3","Subtitles/subtitles_tt0120616.txt","4","5","Films (English)",6,"The Mummy",7,120616,48,133,1100,8e+07,18,7.1,124,"1",0,0,0,0,0,0,1,0,0,1,1,0,0,0,0,0,0,0,0,0,0,0,0,0,0,0,0,0,0,0,0,0,0,0
"1","Subtitles/subtitles_tt14479480.txt","3","2","Films (English)",7,"Redemption",7,14479480,52,98,45,0,6,7.3,58,"1",0,1,0,0,0,0,0,0,0,0,0,0,0,1,0,0,0,1,0,0,0,0,0,0,0,0,0,0,0,0,0,0,0,0
"2","Subtitles/subtitles_tt13393058.txt","1","6","Films (Non-English)",9,"Ben & Jody",7,13393058,52,7,6,0,11,5.4,114,"1",0,1,0,0,0,0,1,0,0,1,1,1,0,0,0,0,0,0,0,0,0,0,0,0,0,0,0,0,0,0,0,0,0,0
"1","Subtitles/subtitles_tt9000224.txt","3","2","Films (Non-English)",6,"The Assistant",7,9000224,79,174,499,0,14,6.4,87,"1",0,0,0,0,0,1,0,0,0,0,0,0,0,0,0,0,0,0,0,0,0,0,0,0,0,0,0,0,0,0,0,0,0,0
"4","Subtitles/subtitles_tt16578440.txt","5","3","Films (Non-English)",10,"4 Kings",7,16578440,52,98,4,0,1,6.3,139,"1",0,1,0,0,0,0,0,0,0,1,0,1,1,0,0,0,0,0,0,0,0,0,0,0,0,0,0,0,0,0,0,0,0,0
"4","Subtitles/subtitles_tt14247286.txt","2","4","Films (Non-English)",2,"Four to Dinner",14,14247286,52,16,26,0,7,6.3,105,"1",0,0,0,0,1,0,0,0,0,0,0,0,0,0,0,0,0,0,0,0,0,1,0,0,0,0,0,0,0,0,0,0,0,0
"3","Subtitles/subtitles_tt8380776.txt","4","5","Films (English)",6,"Grand Isle",7,8380776,29,29,93,0,8,4.7,97,"1",0,0,0,0,0,0,0,0,0,0,0,0,0,0,0,0,0,0,0,1,0,0,0,0,0,0,0,0,0,0,0,0,0,0
"1","Subtitles/subtitles_tt14079374.txt","3","2","Films (English)",7,"14 Peaks: Nothing Is Impossible",7,14079374,68,37,224,0,3,7.7,101,"1",0,0,0,0,0,0,0,0,1,0,1,0,0,0,0,0,0,0,0,0,0,0,0,1,0,0,0,0,0,0,0,0,0,0
"4","Subtitles/subtitles_tt11742798.txt","2","4","Films (English)",9,"Afterlife of the Party",21,11742798,52,35,135,0,4,5.8,109,"1",0,1,0,0,1,0,1,0,0,0,0,0,0,0,0,0,0,0,0,0,0,1,0,0,0,0,0,0,0,0,0,0,0,0
"4","Subtitles/subtitles_tt9784456.txt","2","4","Films (English)",8,"The Kissing Booth 2",7,9784456,39,52,389,0,14,5.7,134,"1",0,0,0,0,1,0,0,0,0,0,0,0,0,0,0,0,0,0,0,0,0,1,0,0,0,0,0,0,0,0,0,0,0,0
"1","Subtitles/subtitles_tt5164438.txt","5","3","Films (English)",3,"The Starling",14,5164438,31,69,252,0,24,6.3,102,"1",0,1,0,0,0,0,0,0,0,0,0,0,0,0,0,0,0,0,0,0,0,1,0,0,0,0,0,0,0,0,0,0,0,0
"1","Subtitles/subtitles_tt11027830.txt","5","3","Films (Non-English)",10,"Haseen Dillruba",28,11027830,52,38,1000,0,10,6.9,135,"1",0,1,0,0,1,0,0,0,0,0,0,1,0,1,0,0,0,1,0,0,0,0,0,0,0,0,0,0,0,0,0,0,0,0
"1","Subtitles/subtitles_tt13884144.txt","3","3","Films (Non-English)",2,"The Seven Deadly Sins: Cursed by Light",14,13884144,52,4,14,0,32,6.3,79,"1",0,0,0,0,0,0,1,0,0,0,0,0,0,0,1,0,0,0,0,0,0,0,0,0,0,0,0,0,0,1,0,0,0,0
"1","Subtitles/subtitles_tt10945274.txt","3","2","Films (Non-English)",10,"Vicky and Her Mystery",42,10945274,52,8,16,0,7,6.3,84,"1",1,1,1,0,0,0,0,0,0,0,0,0,0,0,0,0,0,0,0,0,0,0,0,0,0,0,0,0,0,0,0,0,0,0
"4","Subtitles/subtitles_tt7601480.txt","2","4","Films (Non-English)",4,"Major Grom: Plague Doctor",49,7601480,52,20,132,10526315.7894737,9,6.3,136,"1",0,0,0,0,0,0,0,0,0,1,0,0,1,0,0,0,0,0,0,0,0,0,0,0,0,0,0,0,0,0,0,0,0,0
"2","Subtitles/subtitles_tt11947158.txt","1","6","Films (Non-English)",3,"Ek Villain Returns",14,11947158,52,11,751,61192020.5605189,11,4.6,129,"1",0,0,0,0,1,0,0,0,0,1,0,1,0,0,0,0,0,0,0,0,0,0,0,0,0,0,0,0,0,0,0,0,0,0
"3","Subtitles/subtitles_tt5108870.txt","4","5","Films (English)",5,"Morbius",14,5108870,35,244,2100,7.5e+07,18,5.2,104,"1",0,0,0,0,0,0,0,1,0,1,1,1,0,0,0,0,0,0,1,0,0,0,0,0,0,0,0,0,0,0,0,0,0,0
"4","Subtitles/subtitles_tt3833480.txt","2","4","Films (English)",6,"The Outpost",7,3833480,71,90,345,1.8e+07,10,6.8,123,"1",0,1,0,1,0,0,0,0,0,1,0,0,0,0,0,0,0,0,0,0,0,0,1,0,0,0,0,0,0,0,0,0,0,0
"1","Subtitles/subtitles_tt0481499.txt","5","3","Films (English)",6,"The Croods",14,481499,55,271,288,1.35e+08,10,7.2,98,"1",0,0,1,0,0,0,1,0,0,0,1,0,0,0,1,1,0,0,0,0,0,0,0,0,0,0,0,0,0,0,0,0,0,0
"3","Subtitles/subtitles_tt3758162.txt","4","5","Films (English)",3,"A Score to Settle",7,3758162,37,32,126,0,9,4.7,103,"1",0,1,0,0,0,0,0,0,0,1,0,1,1,0,0,0,0,0,0,0,0,0,0,0,0,0,0,0,0,0,0,0,0,0
"2","Subtitles/subtitles_tt1013743.txt","1","6","Films (English)",10,"Knight and Day",7,1013743,46,299,457,1.17e+08,33,6.3,109,"1",0,0,0,0,0,0,0,0,0,1,1,0,0,0,0,1,0,0,0,0,0,0,0,0,0,0,0,0,0,0,0,0,0,0
"3","Subtitles/subtitles_tt14540892.txt","4","5","Films (Non-English)",8,"The Invisible Thread",7,14540892,52,92,22,0,6,6.7,109,"1",0,1,1,0,0,0,0,0,0,0,0,0,0,0,0,0,0,0,0,0,0,1,0,0,0,0,0,0,0,0,0,0,0,0
"2","Subtitles/subtitles_tt14362698.txt","1","6","Films (Non-English)",9,"Forever Out of My League",7,14362698,52,11,2,0,3,5.4,105,"1",0,1,0,0,1,0,0,0,0,0,0,0,0,0,0,0,0,0,0,0,0,1,0,0,0,0,0,0,0,0,0,0,0,0
"4","Subtitles/subtitles_tt14479746.txt","5","1","Films (Non-English)",6,"Thar",14,14479746,52,16,148,0,7,6.1,108,"1",0,1,0,0,0,0,0,0,0,1,0,1,1,0,0,0,0,0,0,0,1,0,0,0,0,0,0,0,0,0,0,0,0,0
"3","Subtitles/subtitles_tt16427718.txt","4","5","Films (Non-English)",7,"All Hail",28,16427718,52,21,24,0,12,5.6,118,"1",0,1,0,0,0,0,0,0,0,0,0,0,0,0,0,0,0,0,0,0,0,1,0,0,0,0,0,0,0,0,0,0,0,0
"2","Subtitles/subtitles_tt2283336.txt","1","6","Films (English)",10,"Men in Black: International",14,2283336,38,279,1200,1.1e+08,27,5.6,114,"1",0,0,0,0,0,0,0,1,0,1,1,0,0,0,0,1,0,0,0,0,0,0,0,0,0,0,0,0,0,0,0,0,0,0
"2","Subtitles/subtitles_tt8893974.txt","1","6","Films (English)",8,"Passing",7,8893974,85,174,165,0,8,6.7,98,"1",0,0,0,0,0,1,0,0,0,0,0,0,0,0,0,0,0,0,0,0,0,0,0,0,0,0,0,0,0,0,0,0,0,0
"2","Subtitles/subtitles_tt15463032.txt","1","6","Films (English)",3,"Love in the Villa",21,15463032,50,30,113,0,8,5.3,114,"1",0,0,0,0,1,0,0,0,0,0,0,0,0,0,0,0,0,0,0,0,0,1,0,0,0,0,0,0,0,0,0,0,0,0
"4","Subtitles/subtitles_tt12383460.txt","2","4","Films (English)",7,"Hypnotic",14,12383460,32,46,212,0,6,5.3,88,"1",0,0,0,0,0,0,0,0,0,0,0,1,0,0,0,0,0,0,0,0,0,0,0,0,0,0,0,0,0,0,0,0,1,0
"2","Subtitles/subtitles_tt9100054.txt","1","6","Films (English)",3,"The Lost Daughter",14,9100054,86,208,814,0,13,6.7,121,"1",0,0,0,0,0,1,0,0,0,0,0,0,0,0,0,0,0,0,0,0,0,0,0,0,0,0,0,0,0,0,0,0,0,0
"3","Subtitles/subtitles_tt15655276.txt","4","5","Films (Non-English)",8,"Yara",28,15655276,52,27,42,0,9,6.3,96,"1",0,1,0,0,0,0,0,0,0,0,0,1,0,0,0,0,0,1,0,0,0,0,0,0,0,0,0,0,0,0,0,0,0,0
"3","Subtitles/subtitles_tt1655389.txt","4","5","Films (English)",4,"Blonde",14,1655389,50,438,877,2.2e+07,31,5.5,167,"1",0,1,0,0,1,0,0,0,0,0,0,0,0,0,0,0,0,0,0,0,0,0,0,0,0,0,0,0,0,0,1,0,0,0
"2","Subtitles/subtitles_tt0108473.txt","1","1","Films (English)",10,"The Vanishing",7,108473,49,44,143,2e+07,10,6.3,109,"1",0,0,0,0,0,1,0,0,0,0,0,1,0,1,0,0,0,0,1,0,0,0,0,0,0,0,0,0,0,0,0,0,0,0
"2","Subtitles/subtitles_tt10521144.txt","5","3","Films (English)",9,"Nightbooks",14,10521144,65,47,118,0,12,5.7,103,"1",0,0,0,0,0,0,1,0,0,0,0,0,0,1,0,0,0,0,1,0,0,0,0,0,0,0,0,0,0,0,0,0,0,1
"1","Subtitles/subtitles_tt2351310.txt","5","3","Films (Non-English)",5,"Flu",7,2351310,40,57,100,0,23,6.6,122,"1",0,1,0,0,0,0,0,1,0,1,0,0,0,0,0,0,0,0,0,0,0,0,0,0,0,0,0,0,0,0,0,0,0,0
"4","Subtitles/subtitles_tt6324278.txt","2","4","Films (English)",8,"Abominable",14,6324278,61,143,293,7.5e+07,15,7,97,"1",0,0,1,0,0,0,1,0,0,0,1,0,0,0,1,1,0,0,0,0,0,0,0,0,0,0,0,0,0,0,0,0,0,0
"2","Subtitles/subtitles_tt12783454.txt","5","3","Films (English)",9,"The Kissing Booth 3",21,12783454,36,39,262,0,11,4.8,112,"1",0,0,0,0,1,0,0,0,0,0,0,0,0,0,0,0,0,0,0,0,0,1,0,0,0,0,0,0,0,0,0,0,0,0
"4","Subtitles/subtitles_tt0126029.txt","2","4","Films (English)",10,"Shrek",49,126029,84,178,1200,6e+07,20,7.9,90,"1",0,0,1,0,1,0,1,0,0,0,1,0,0,0,1,1,0,0,0,0,0,0,0,0,0,0,0,0,0,0,0,0,0,0
"1","Subtitles/subtitles_tt1396484.txt","5","3","Films (English)",10,"It",7,1396484,69,634,2100,3.5e+07,30,7.3,135,"1",0,0,0,0,0,0,0,0,0,0,0,0,0,0,0,0,0,0,0,0,0,0,0,0,0,0,0,1,0,0,0,0,0,0
"1","Subtitles/subtitles_tt11755740.txt","3","2","Films (English)",3,"Texas Chainsaw Massacre",14,11755740,34,230,1500,2e+07,9,4.8,83,"1",0,0,0,0,0,0,0,0,0,0,0,1,0,0,0,0,0,1,1,0,0,0,0,0,0,0,0,0,0,0,0,0,0,0
"1","Subtitles/subtitles_tt8231668.txt","3","2","Films (English)",5,"Good on Paper",7,8231668,54,43,165,0,11,5.6,92,"1",0,0,0,0,1,0,0,0,0,0,0,0,0,0,0,0,0,0,0,0,0,1,0,0,0,0,0,0,0,0,0,0,0,0
"2","Subtitles/subtitles_tt14369296.txt","1","6","Films (Non-English)",4,"Doom of Love",14,14369296,52,16,19,0,8,4.9,100,"1",0,0,0,0,1,1,0,0,0,0,0,0,0,0,0,0,0,0,0,0,0,0,0,0,0,0,0,0,0,0,0,0,0,0
"4","Subtitles/subtitles_tt14168118.txt","2","1","Films (Non-English)",2,"7 Prisoners",14,14168118,80,62,43,0,9,7.1,93,"1",0,1,0,0,0,0,0,0,0,0,0,0,0,0,0,0,0,1,0,0,0,0,0,0,0,0,0,0,0,0,0,0,0,0
"4","Subtitles/subtitles_tt8851148.txt","2","4","Films (English)",7,"The In Between",28,8851148,52,20,97,0,9,5.9,115,"1",0,0,0,0,1,1,0,1,0,0,0,0,0,0,0,0,0,0,0,0,0,0,0,0,0,0,0,0,0,0,0,0,0,0
"3","Subtitles/subtitles_tt14158554.txt","4","5","Films (English)",6,"Fistful of Vengeance",14,14158554,44,39,134,0,10,4.4,96,"1",0,1,0,0,0,0,1,0,0,1,0,0,1,0,0,0,0,0,0,0,0,0,0,0,0,0,0,0,0,0,0,0,0,0
"1","Subtitles/subtitles_tt11286314.txt","5","3","Films (English)",10,"Don't Look Up",56,11286314,49,309,4600,7.5e+07,51,7.2,138,"1",0,1,0,0,0,0,0,1,0,0,0,0,0,0,0,0,0,0,0,0,0,1,0,0,0,0,0,0,0,0,0,0,0,0
"4","Subtitles/subtitles_tt8983230.txt","2","4","Films (Non-English)",10,"Broad Peak",14,8983230,52,19,8,0,10,5.9,101,"1",1,1,0,0,0,0,0,0,0,0,0,1,0,0,0,0,0,0,0,0,0,0,0,0,0,0,0,0,1,0,0,0,0,0
"3","Subtitles/subtitles_tt12618926.txt","4","5","Films (Non-English)",5,"Parallel Mothers",14,12618926,88,210,108,0,13,7.1,123,"1",0,0,0,0,0,1,0,0,0,0,0,0,0,0,0,0,0,0,0,0,0,0,0,0,0,0,0,0,0,0,0,0,0,0
"2","Subtitles/subtitles_tt4181172.txt","1","1","Films (English)",7,"Shooter",7,4181172,52,12,254,0,35,7.5,60,"1",0,1,0,0,0,0,0,0,0,1,0,0,0,0,0,0,0,0,0,0,0,0,0,0,0,0,0,0,0,0,0,0,0,0
"4","Subtitles/subtitles_tt0469641.txt","2","4","Films (English)",10,"World Trade Center",7,469641,66,220,623,6.5e+07,45,6,129,"1",0,0,0,1,0,1,0,0,0,0,0,1,0,0,0,0,0,0,0,0,0,0,0,0,0,0,0,0,0,0,0,0,0,0
"3","Subtitles/subtitles_tt11233960.txt","3","2","Films (English)",5,"The Unforgivable",35,11233960,41,94,939,0,21,7.1,112,"1",0,1,0,0,0,0,0,0,0,0,0,0,0,0,0,0,0,1,0,0,0,0,0,0,0,0,0,0,0,0,0,0,0,0
"2","Subtitles/subtitles_tt4976192.txt","1","6","Films (English)",6,"211",7,4976192,21,45,233,0,9,4.4,86,"1",0,1,0,0,0,0,0,0,0,1,0,1,0,0,0,0,0,0,0,0,0,0,0,0,0,0,0,0,0,0,0,0,0,0
"4","Subtitles/subtitles_tt15036416.txt","4","1","Films (Non-English)",10,"Shiny_Flakes: The Teenage Drug Lord",28,15036416,52,10,19,0,2,7.3,96,"1",0,0,0,0,0,0,0,0,1,0,0,0,1,0,0,0,0,0,0,0,0,0,0,0,0,0,0,0,1,0,0,0,0,0
"3","Subtitles/subtitles_tt7518786.txt","4","5","Films (Non-English)",8,"'83",14,7518786,52,17,737,0,28,7.5,162,"1",0,1,0,1,0,0,0,0,0,0,0,0,0,0,0,0,0,0,0,0,0,0,0,1,0,0,0,0,0,0,1,0,0,0
"4","Subtitles/subtitles_tt8009428.txt","2","4","Films (English)",9,"Hustle",42,8009428,68,120,444,0,36,7.3,117,"1",0,1,0,0,0,0,0,0,0,0,0,0,0,0,0,0,0,0,0,0,0,1,0,1,0,0,0,0,0,0,0,0,0,0
"2","Subtitles/subtitles_tt9271164.txt","1","1","Films (English)",6,"Only Mine",7,9271164,52,9,113,0,9,4.7,87,"1",0,0,0,0,0,1,0,0,0,0,0,1,0,0,0,0,0,0,0,0,0,0,0,0,0,0,0,0,0,0,0,0,0,0
"1","Subtitles/subtitles_tt18923048.txt","3","2","Films (Non-English)",9,"Operation Romeo",7,18923048,52,4,35,0,3,6.3,132,"1",0,0,0,0,0,1,0,0,0,0,0,0,0,1,0,0,0,0,0,0,0,0,0,0,0,0,0,0,0,0,0,0,0,0
"4","Subtitles/subtitles_tt10028196.txt","5","1","Films (Non-English)",2,"Laal Singh Chaddha",7,10028196,46,35,1900,22029127.4017868,9,5.3,159,"1",0,1,0,0,1,0,0,0,0,0,0,0,0,0,0,0,0,0,0,0,0,1,0,0,0,0,0,0,0,0,0,0,0,0
"4","Subtitles/subtitles_tt21340412.txt","5","3","Films (English)",10,"Inside the Mind of a Cat",7,21340412,52,7,27,0,1,6.9,67,"1",0,0,0,0,0,0,0,0,1,0,0,0,0,0,0,0,0,0,0,0,0,0,0,0,0,0,0,0,0,0,0,0,0,0
"4","Subtitles/subtitles_tt22071864.txt","2","4","Films (Non-English)",6,"Jumping from High Places",7,22071864,52,14,NA,0,4,5.6,88,"1",0,1,0,0,1,0,0,0,0,0,0,0,0,0,0,0,0,0,0,0,0,1,0,0,0,0,0,0,0,0,0,0,0,0
"1","Subtitles/subtitles_tt8579674.txt","5","3","Films (English)",7,"1917",7,8579674,78,520,3400,9.5e+07,19,8.2,119,"1",0,1,0,0,0,0,0,0,0,1,0,0,0,0,0,0,0,0,0,0,0,0,1,0,0,0,0,0,0,0,0,0,0,0
"2","Subtitles/subtitles_tt1365519.txt","1","1","Films (English)",10,"Tomb Raider",7,1365519,48,416,1400,9.4e+07,19,6.3,119,"1",0,0,0,0,0,0,1,0,0,1,1,1,0,0,0,0,0,0,0,0,0,0,0,0,0,0,0,0,0,0,0,0,0,0
"3","Subtitles/subtitles_tt11905962.txt","4","5","Films (Non-English)",7,"Sputnik",7,11905962,61,163,288,3125000,4,6.4,113,"1",0,0,0,0,0,1,0,1,0,0,0,1,0,1,0,0,0,0,1,0,0,0,0,0,0,0,0,0,0,0,0,0,0,0
"1","Subtitles/subtitles_tt12877640.txt","5","3","Films (Non-English)",7,"A Classic Horror Story",14,12877640,52,72,284,3e+06,6,5.7,95,"1",0,0,0,0,0,1,0,0,0,0,0,1,0,1,0,0,0,0,1,0,0,0,0,0,0,0,0,0,0,0,0,0,0,0
"4","Subtitles/subtitles_tt14315566.txt","2","4","Films (Non-English)",9,"Bartkowiak",21,14315566,52,13,8,0,7,5.1,91,"1",0,0,0,0,0,0,0,0,0,1,0,0,1,0,0,0,0,0,0,0,0,0,0,1,0,0,0,0,0,0,0,0,0,0
"4","Subtitles/subtitles_tt4439620.txt","2","1","Films (English)",8,"Redemption Day",7,4439620,22,21,1100,0,12,4.6,99,"1",0,1,0,0,0,0,0,0,0,1,0,1,0,0,0,0,0,0,0,0,0,0,0,0,0,0,0,0,0,0,0,0,0,0
"4","Subtitles/subtitles_tt10691162.txt","2","4","Films (English)",5,"Aftermath",14,10691162,52,29,402,0,10,5.3,114,"1",0,0,0,0,0,1,0,0,0,0,0,1,0,1,0,0,0,0,1,0,0,0,0,0,0,0,0,0,0,0,0,0,0,0
"4","Subtitles/subtitles_tt10101702.txt","2","4","Films (English)",5,"My Little Pony: A New Generation",35,10101702,52,17,105,0,20,6.8,90,"1",0,0,1,0,0,0,1,0,0,0,1,0,0,0,1,1,1,0,0,0,0,0,0,0,0,0,0,0,0,0,0,0,0,0
"1","Subtitles/subtitles_tt2869728.txt","5","3","Films (English)",6,"Ride Along 2",7,2869728,32,130,90,4e+07,40,5.9,102,"1",0,0,0,0,0,0,0,0,0,1,0,0,1,0,0,1,0,0,0,0,0,0,0,0,0,0,0,0,0,0,0,0,0,0
"1","Subtitles/subtitles_tt8746404.txt","5","3","Films (English)",7,"Marmaduke",21,8746404,52,17,52,0,22,3.4,88,"1",0,0,0,0,0,0,0,0,0,0,1,0,0,0,1,1,0,0,0,0,0,0,0,0,0,0,0,0,0,0,0,0,0,0
"4","Subtitles/subtitles_tt13978306.txt","2","4","Films (English)",8,"Brazen",21,13978306,52,47,381,0,9,4.1,94,"1",0,1,0,0,1,0,0,0,0,0,0,1,0,1,0,0,0,1,0,0,0,0,0,0,0,0,0,0,0,0,0,0,0,0
"2","Subtitles/subtitles_tt3876910.txt","1","6","Films (English)",4,"Dangerous",14,3876910,27,35,118,8e+06,14,5.1,99,"1",0,0,0,0,0,0,0,0,0,1,0,1,0,0,0,0,0,0,0,0,0,0,0,0,0,0,0,0,0,0,0,0,0,0
"1","Subtitles/subtitles_tt3794354.txt","5","3","Films (English)",8,"Sonic the Hedgehog",56,3794354,47,284,1400,8.5e+07,29,6.5,99,"1",0,0,1,0,0,0,1,1,0,1,1,0,0,0,0,1,0,0,0,0,0,0,0,0,0,0,0,0,0,0,0,0,0,0
"3","Subtitles/subtitles_tt1440129.txt","4","1","Films (English)",10,"Battleship",7,1440129,41,388,1000,2.09e+08,36,5.8,131,"1",0,0,0,0,0,0,0,1,0,1,1,1,0,0,0,0,0,0,0,0,0,0,0,0,0,0,0,0,0,0,0,0,0,0
"4","Subtitles/subtitles_tt13691036.txt","2","4","Films (Non-English)",6,"Meskina",14,13691036,52,14,9,0,9,5.6,98,"1",0,0,0,0,0,0,0,0,0,0,0,0,0,0,0,0,0,0,0,0,0,1,0,0,0,0,0,0,0,0,0,0,0,0
"4","Subtitles/subtitles_tt12459520.txt","2","4","Films (Non-English)",10,"The Claus Family",42,12459520,52,11,21,0,11,5.5,96,"1",0,0,1,0,0,0,1,0,0,0,0,0,0,0,0,0,0,0,0,0,0,1,0,0,0,0,0,0,0,0,0,0,0,0
"3","Subtitles/subtitles_tt4779326.txt","4","5","Films (English)",5,"The Water Man",7,4779326,68,53,81,0,7,5.5,91,"1",1,1,1,0,0,0,1,0,0,0,0,0,0,0,0,0,0,0,0,0,0,0,0,0,0,0,0,0,0,0,0,0,0,0
"1","Subtitles/subtitles_tt10886166.txt","5","3","Films (English)",10,"365 Days",14,10886166,52,55,1400,0,11,3.3,114,"1",0,0,0,0,1,1,0,0,0,0,0,0,0,0,0,0,0,0,0,0,0,0,0,0,0,0,0,0,0,0,0,0,0,0
"3","Subtitles/subtitles_tt12664618.txt","4","1","Films (Non-English)",10,"Sinkhole",7,12664618,52,10,25,0,11,6.1,117,"1",0,1,0,0,0,0,0,0,0,1,0,0,0,0,0,1,0,0,0,0,0,0,0,0,0,0,0,0,0,0,0,0,0,0
"4","Subtitles/subtitles_tt1067774.txt","2","4","Films (English)",10,"Monte Carlo",7,1067774,43,91,67,2e+07,15,5.8,109,"1",1,0,1,0,1,0,0,0,0,0,0,0,0,0,0,1,0,0,0,0,0,0,0,0,0,0,0,0,0,0,0,0,0,0
"4","Subtitles/subtitles_tt8469890.txt","5","3","Films (Non-English)",8,"For Better, for Worse",7,8469890,52,98,2,0,12,4.6,86,"1",0,0,0,0,1,0,0,0,0,0,0,0,0,0,0,0,0,0,0,0,0,1,0,0,0,0,0,0,0,0,0,0,0,0
"4","Subtitles/subtitles_tt13029044.txt","2","4","Films (English)",10,"Mother/Android",21,13029044,43,53,476,0,12,4.9,110,"1",0,0,0,0,0,1,0,1,0,0,0,1,0,0,0,0,0,0,0,0,0,0,0,0,0,0,0,0,0,0,0,0,0,0
"3","Subtitles/subtitles_tt14463484.txt","4","5","Films (Non-English)",10,"Through My Window",91,14463484,52,20,96,0,4,5.4,116,"1",0,1,0,0,1,0,0,0,0,0,0,0,0,0,0,0,0,0,0,0,0,1,0,0,0,0,0,0,0,0,0,0,0,0
"2","Subtitles/subtitles_tt10230994.txt","1","6","Films (English)",3,"Beckett",14,10230994,52,98,652,0,15,5.6,110,"1",0,1,0,0,0,0,0,0,0,1,0,1,1,0,0,0,0,0,0,0,0,0,0,0,0,0,0,0,0,0,0,0,0,0
"1","Subtitles/subtitles_tt11057644.txt","5","3","Films (English)",9,"The Christmas Chronicles: Part Two",21,11057644,51,64,427,0,17,6,112,"1",1,0,1,0,0,0,1,0,0,0,0,0,0,0,0,1,0,0,0,0,0,0,0,0,0,0,0,0,0,0,0,0,0,0
"4","Subtitles/subtitles_tt13793230.txt","2","4","Films (Non-English)",6,"Jaadugar",14,13793230,52,15,208,0,7,6.9,167,"1",0,1,0,0,1,0,1,0,0,0,0,0,0,0,0,0,0,0,0,0,0,1,0,1,0,0,0,0,0,0,0,0,0,0
"4","Subtitles/subtitles_tt0393162.txt","2","4","Films (English)",10,"Coach Carter",7,393162,57,65,274,3e+07,27,7.3,136,"1",0,1,0,0,0,0,0,0,0,0,0,0,0,0,0,0,0,0,0,0,0,0,0,1,0,0,0,0,0,0,1,0,0,0
"2","Subtitles/subtitles_tt0120338.txt","1","1","Films (English)",8,"Titanic",14,120338,75,227,3200,2e+08,50,7.9,194,"1",0,0,0,0,1,1,0,0,0,0,0,0,0,0,0,0,0,0,0,0,0,0,0,0,0,0,0,0,0,0,0,0,0,0
"1","Subtitles/subtitles_tt6269368.txt","3","2","Films (English)",10,"The Clovehitch Killer",7,6269368,59,60,355,0,8,6.5,109,"1",0,1,0,0,0,0,0,0,0,0,0,1,0,1,0,0,0,1,0,0,0,0,0,0,0,0,0,0,0,0,0,0,0,0
"1","Subtitles/subtitles_tt15033192.txt","5","3","Films (English)",4,"Windfall",14,15033192,52,97,332,0,5,5.7,92,"1",0,1,0,0,0,0,0,0,0,0,0,1,0,0,0,0,0,1,0,0,0,0,0,0,0,0,0,0,0,0,0,0,0,0
"2","Subtitles/subtitles_tt9471660.txt","1","6","Films (Non-English)",4,"Fever Dream",7,9471660,75,39,27,0,7,5.4,93,"1",0,0,0,0,0,1,0,0,0,0,0,1,0,1,0,0,0,0,1,0,0,0,0,0,0,0,0,0,0,0,0,0,0,0
"4","Subtitles/subtitles_tt13327038.txt","1","1","Films (English)",3,"Do Revenge",21,13327038,66,87,167,2.5e+07,13,6.4,118,"1",0,0,0,0,0,0,0,0,0,0,0,0,0,0,0,0,0,0,0,0,0,1,0,0,0,0,0,0,0,0,0,0,0,0
"1","Subtitles/subtitles_tt11460976.txt","3","2","Films (Non-English)",10,"Prime Time",7,11460976,52,32,32,0,9,5.2,93,"1",0,0,0,0,0,1,0,0,0,0,0,1,0,0,0,0,0,0,0,0,0,0,0,0,0,0,0,0,0,0,0,0,0,0
"4","Subtitles/subtitles_tt2303687.txt","2","1","Films (English)",9,"Line of Duty",7,2303687,52,37,462,0,20,8.7,60,"1",0,1,0,0,0,0,0,0,0,0,0,1,0,1,0,0,0,1,0,0,0,0,0,0,0,0,0,0,0,0,0,0,0,0
"4","Subtitles/subtitles_tt8707922.txt","5","3","Films (English)",9,"Can You Keep a Secret?",7,8707922,35,23,250,0,9,5.3,94,"1",0,0,0,0,1,0,0,0,0,0,0,0,0,0,0,0,0,0,0,0,0,1,0,0,0,0,0,0,0,0,0,0,0,0
"3","Subtitles/subtitles_tt12881516.txt","4","5","Films (Non-English)",6,"Black Island",21,12881516,52,15,43,0,8,5.2,104,"1",0,0,0,0,0,1,0,0,0,0,0,1,0,1,0,0,0,0,0,0,0,0,0,0,0,0,0,0,0,0,0,0,0,0
"1","Subtitles/subtitles_tt1863352.txt","5","3","Films (Non-English)",10,"Lost Paradise",7,1863352,52,98,2,0,5,5.6,93,"1",0,0,0,0,0,1,0,0,0,0,0,0,0,0,0,0,0,0,0,0,0,0,0,0,0,0,0,0,0,0,0,0,0,0
"2","Subtitles/subtitles_tt1033643.txt","1","1","Films (English)",3,"What Happens in Vegas",7,1033643,36,73,190,3.5e+07,24,6.1,99,"1",0,0,0,0,1,0,0,0,0,0,0,0,0,0,0,0,0,0,0,0,0,1,0,0,0,0,0,0,0,0,0,0,0,0
"4","Subtitles/subtitles_tt8241000.txt","2","4","Films (English)",8,"Extinct",7,8241000,52,16,42,0,25,5.4,84,"1",0,0,1,0,0,0,0,0,0,0,1,0,0,0,1,1,0,0,0,0,0,0,0,0,0,0,0,0,0,0,0,0,0,0
"2","Subtitles/subtitles_tt2568862.txt","4","1","Films (English)",7,"Going in Style",14,2568862,50,189,195,2.5e+07,26,6.6,96,"1",0,0,0,0,0,0,0,0,0,0,0,0,1,0,0,0,0,0,0,0,0,1,0,0,0,0,0,0,0,0,0,0,0,0
"3","Subtitles/subtitles_tt0071771.txt","3","2","Films (English)",10,"The Longest Yard",7,71771,61,61,74,2900000,12,7.1,121,"1",0,1,0,0,0,0,0,0,0,0,0,0,1,0,0,0,0,0,0,0,0,1,0,1,0,0,0,0,0,0,0,0,0,0
"2","Subtitles/subtitles_tt9660688.txt","1","6","Films (Non-English)",10,"Black Beach",7,9660688,52,15,35,0,10,5.6,110,"1",0,0,0,0,0,1,0,0,0,0,0,0,0,0,0,0,0,0,0,0,0,0,0,0,0,0,0,0,0,0,0,0,0,0
"1","Subtitles/subtitles_tt10696784.txt","5","3","Films (English)",5,"The Harder They Fall",21,10696784,68,150,1000,0,28,6.6,139,"1",0,1,0,0,0,0,0,0,0,1,0,0,0,0,0,0,0,0,0,0,1,0,0,0,0,0,0,0,0,0,0,0,0,0
"4","Subtitles/subtitles_tt15565724.txt","2","4","Films (Non-English)",2,"Grumpy Christmas",7,15565724,52,5,7,0,6,4.4,87,"1",0,0,0,0,0,0,0,0,0,0,0,0,0,0,0,0,0,0,0,0,0,1,0,0,0,0,0,0,0,0,0,0,0,0
"4","Subtitles/subtitles_tt1856101.txt","2","1","Films (English)",6,"Blade Runner 2049",7,1856101,81,561,2400,1.5e+08,22,8,164,"1",0,1,0,0,0,0,0,1,0,1,0,1,0,1,0,0,0,0,0,0,0,0,0,0,0,0,0,0,0,0,0,0,0,0
"2","Subtitles/subtitles_tt2872518.txt","1","6","Films (English)",5,"The Shack",7,2872518,32,109,464,2e+07,22,6.2,132,"1",0,0,0,0,0,1,1,0,0,0,0,0,0,0,0,0,0,0,0,0,0,0,0,0,0,0,0,0,0,0,0,0,0,0
"3","Subtitles/subtitles_tt11594766.txt","3","2","Films (Non-English)",8,"The Secret Diary of an Exchange Student",28,11594766,52,9,7,0,6,5.3,96,"1",0,0,0,0,1,0,0,0,0,0,0,0,0,0,0,0,0,0,0,0,0,1,0,0,0,0,0,0,0,0,0,0,0,0
"4","Subtitles/subtitles_tt12738164.txt","2","4","Films (Non-English)",10,"Brother in Love 2",7,12738164,52,98,4,0,10,6.5,115,"1",0,0,0,0,0,0,0,0,0,0,0,0,0,0,0,0,0,0,0,0,0,1,0,0,0,0,0,0,0,0,0,0,0,0
"4","Subtitles/subtitles_tt3393786.txt","2","1","Films (English)",7,"Jack Reacher: Never Go Back",7,3393786,47,306,450,6e+07,34,6.1,118,"1",0,1,0,0,0,0,0,0,0,1,0,1,1,0,0,0,0,0,0,0,0,0,0,0,0,0,0,0,0,0,0,0,0,0
"1","Subtitles/subtitles_tt15085802.txt","3","2","Films (English)",10,"Untold: Malice at the Palace",7,15085802,52,13,50,0,10,7.5,68,"1",0,0,0,0,0,0,0,0,1,0,0,0,1,0,0,0,0,0,0,0,0,0,0,1,0,0,0,0,0,0,0,0,0,0
"1","Subtitles/subtitles_tt12532368.txt","3","2","Films (English)",9,"Chickenhare and the Hamster of Darkness",28,12532368,52,13,20,2e+07,4,6.3,91,"1",0,0,1,0,0,0,0,0,0,0,1,0,0,0,1,1,0,0,0,0,0,0,0,0,0,0,0,0,0,0,0,0,0,0
"4","Subtitles/subtitles_tt12663772.txt","2","4","Films (Non-English)",9,"In Our Prime",7,12663772,52,5,4,0,3,6.6,117,"1",0,0,0,0,0,1,0,0,0,0,0,0,0,0,0,0,0,0,0,0,0,0,0,0,0,0,0,0,0,0,0,0,0,0
"4","Subtitles/subtitles_tt13729220.txt","4","1","Films (Non-English)",7,"Photocopier",21,13729220,52,25,43,0,17,6.8,130,"1",0,1,0,0,0,0,0,0,0,0,0,1,0,1,0,0,0,1,0,0,0,0,0,0,0,0,0,0,0,0,0,0,0,0
"1","Subtitles/subtitles_tt7545524.txt","3","2","Films (English)",10,"Ben Is Back",7,7545524,66,162,144,1.3e+07,18,6.7,103,"1",0,0,0,0,0,1,0,0,0,0,0,0,0,0,0,0,0,0,0,0,0,0,0,0,0,0,0,0,0,0,0,0,0,0
"3","Subtitles/subtitles_tt13623916.txt","4","5","Films (Non-English)",10,"Toolsidas Junior",7,13623916,52,2,44,0,6,7.4,132,"1",0,0,1,0,0,1,0,0,0,0,0,0,0,0,0,0,0,0,0,0,0,0,0,1,0,0,0,0,0,0,0,0,0,0
"3","Subtitles/subtitles_tt0078350.txt","4","5","Films (Non-English)",1,"The Swarm",14,78350,30,69,163,2.1e+07,19,4.5,116,"1",0,0,0,0,0,0,0,0,0,0,0,1,0,0,0,0,0,0,0,0,0,0,0,0,0,0,0,1,0,0,0,0,0,0
"2","Subtitles/subtitles_tt13701962.txt","1","6","Films (English)",8,"A California Christmas: City Lights",14,13701962,52,16,45,0,7,5.5,106,"1",0,1,0,0,1,0,0,0,0,0,0,0,0,0,0,0,0,0,0,0,0,1,0,0,0,0,0,0,0,0,0,0,0,0
"1","Subtitles/subtitles_tt7975244.txt","3","2","Films (English)",10,"Jumanji: The Next Level",7,7975244,58,255,1000,1.25e+08,27,6.7,123,"1",0,0,0,0,0,0,1,0,0,1,1,0,0,0,0,1,0,0,0,0,0,0,0,0,0,0,0,0,0,0,0,0,0,0
"1","Subtitles/subtitles_tt8310474.txt","3","2","Films (English)",9,"Bruised",21,8310474,52,81,242,1.1e+07,16,6.2,129,"1",0,0,0,0,0,1,0,0,0,0,0,0,0,0,0,0,0,0,0,0,0,0,0,1,0,0,0,0,0,0,0,0,0,0
"3","Subtitles/subtitles_tt13655328.txt","4","5","Films (English)",8,"End of the Road",21,13655328,44,34,116,0,8,4.7,89,"1",0,1,0,0,0,0,0,0,0,1,0,1,1,1,0,0,0,0,0,0,0,0,0,0,0,0,0,0,0,0,0,0,0,0
"2","Subtitles/subtitles_tt12299824.txt","1","1","Films (Non-English)",4,"JJ+E",14,12299824,52,15,17,0,7,5.3,90,"1",0,0,0,0,1,1,0,0,0,0,0,0,0,0,0,0,0,0,0,0,0,0,0,0,0,0,0,0,0,0,0,0,0,0
"4","Subtitles/subtitles_tt6902332.txt","2","4","Films (English)",10,"The Marksman",14,6902332,44,110,521,2.3e+07,9,5.6,108,"1",0,1,0,0,0,0,0,0,0,1,0,1,1,0,0,0,0,0,0,0,0,0,0,0,0,0,0,0,0,0,0,0,0,0
